adressebetegnelse;AdresseIdentificerer;BBRenhedID;BBRbygningID
Fuglemosen 2, 1. th , 2605 Brøndby;0a3f50a3-55f0-32b8-e044-0003ba298018;c27d59c1-ff9a-426c-b22b-c1d6a51e4283;f396cefd-b30e-497a-9612-bb5aa30000a8
Fuglemosen 2, 1. tv , 2605 Brøndby;0a3f50a3-55f1-32b8-e044-0003ba298018;f25e3bed-9a1d-4e98-b238-93ebaf06a214;f396cefd-b30e-497a-9612-bb5aa30000a8
Fuglemosen 2, 2. th , 2605 Brøndby;0a3f50a3-55f2-32b8-e044-0003ba298018;a4aaeda1-5011-4f44-88e4-e3e51899791e;f396cefd-b30e-497a-9612-bb5aa30000a8
Fuglemosen 2, 2. tv , 2605 Brøndby;0a3f50a3-55f3-32b8-e044-0003ba298018;97a9eb2c-23ee-40f9-b676-e47c447ebb14;f396cefd-b30e-497a-9612-bb5aa30000a8
Fuglemosen 2, st. th , 2605 Brøndby;0a3f50a3-55ee-32b8-e044-0003ba298018;f6fea673-0752-409e-9031-2d42414897c4;f396cefd-b30e-497a-9612-bb5aa30000a8
Fuglemosen 2, st. tv , 2605 Brøndby;0a3f50a3-55ef-32b8-e044-0003ba298018;6870512e-23f4-4dba-8a70-50816761fb69;f396cefd-b30e-497a-9612-bb5aa30000a8
Fuglemosen 4, 1. th , 2605 Brøndby;0a3f50a3-55fc-32b8-e044-0003ba298018;2c582ab9-6b85-4af2-8f3d-c8858ecb9672;f396cefd-b30e-497a-9612-bb5aa30000a8
Fuglemosen 4, 1. tv , 2605 Brøndby;0a3f50a3-55fd-32b8-e044-0003ba298018;c9551a26-6018-4b59-921b-3d7ce0e69572;f396cefd-b30e-497a-9612-bb5aa30000a8
Fuglemosen 4, 2. th , 2605 Brøndby;0a3f50a3-55fe-32b8-e044-0003ba298018;0f650cd9-08f8-4893-b4ff-f70a308c8aa2;f396cefd-b30e-497a-9612-bb5aa30000a8
Fuglemosen 4, 2. tv , 2605 Brøndby;0a3f50a3-55ff-32b8-e044-0003ba298018;eb17bb76-fbca-44ba-a3e2-28d51969a2ed;f396cefd-b30e-497a-9612-bb5aa30000a8
Fuglemosen 4, st. th , 2605 Brøndby;0a3f50a3-55fa-32b8-e044-0003ba298018;6a2d20b7-100b-48ab-bddb-cec2c2cc0b66;f396cefd-b30e-497a-9612-bb5aa30000a8
Fuglemosen 4, st. tv , 2605 Brøndby;0a3f50a3-55fb-32b8-e044-0003ba298018;2b0b552c-2657-4df8-8a91-49701499294c;f396cefd-b30e-497a-9612-bb5aa30000a8
Fuglemosen 6, 1. th , 2605 Brøndby;0a3f50a3-5608-32b8-e044-0003ba298018;10877e41-57bd-4b6e-ad83-8a79eff859ae;f396cefd-b30e-497a-9612-bb5aa30000a8
Fuglemosen 6, 1. tv , 2605 Brøndby;0a3f50a3-5609-32b8-e044-0003ba298018;d6f6d9e8-56aa-4e05-9d44-6eb3930473ac;f396cefd-b30e-497a-9612-bb5aa30000a8
Fuglemosen 6, 2. th , 2605 Brøndby;0a3f50a3-560a-32b8-e044-0003ba298018;80370ec1-32e6-43da-a578-930e4ca656cd;f396cefd-b30e-497a-9612-bb5aa30000a8
Fuglemosen 6, 2. tv , 2605 Brøndby;0a3f50a3-560b-32b8-e044-0003ba298018;7cfd3021-9aa1-4a7a-a767-e37a15e9e31b;f396cefd-b30e-497a-9612-bb5aa30000a8
Fuglemosen 6, st. th , 2605 Brøndby;0a3f50a3-5606-32b8-e044-0003ba298018;187d749d-c25f-44a0-8072-f9d329a056d1;f396cefd-b30e-497a-9612-bb5aa30000a8
Fuglemosen 6, st. tv , 2605 Brøndby;0a3f50a3-5607-32b8-e044-0003ba298018;f0dc2916-ee51-4ec8-8ee5-a4df96e0b8b8;f396cefd-b30e-497a-9612-bb5aa30000a8
Fuglemosen 8, 1. mf , 2605 Brøndby;0a3f50a3-5615-32b8-e044-0003ba298018;8431589d-83bf-4c97-9875-77165c4c3309;f396cefd-b30e-497a-9612-bb5aa30000a8
Fuglemosen 8, 1. th , 2605 Brøndby;0a3f50a3-5616-32b8-e044-0003ba298018;fb845c82-9459-4265-abb5-90f1621a3bed;f396cefd-b30e-497a-9612-bb5aa30000a8
Fuglemosen 8, 1. tv , 2605 Brøndby;0a3f50a3-5617-32b8-e044-0003ba298018;979d23a9-456a-4f02-b0d5-548aa4633e40;f396cefd-b30e-497a-9612-bb5aa30000a8
Fuglemosen 8, 2. mf , 2605 Brøndby;0a3f50a3-5618-32b8-e044-0003ba298018;2fdda529-5acf-4235-b072-8dd56b03416b;f396cefd-b30e-497a-9612-bb5aa30000a8
Fuglemosen 8, 2. th , 2605 Brøndby;0a3f50a3-5619-32b8-e044-0003ba298018;175b4eb3-9cdb-438b-abc0-7d7c2c68c683;f396cefd-b30e-497a-9612-bb5aa30000a8
Fuglemosen 8, 2. tv , 2605 Brøndby;0a3f50a3-561a-32b8-e044-0003ba298018;5188b4b9-c1c3-49b3-b764-16331222534d;f396cefd-b30e-497a-9612-bb5aa30000a8
Fuglemosen 8, st. mf , 2605 Brøndby;0a3f50a3-5612-32b8-e044-0003ba298018;467e03bb-e744-4e99-952e-797bfdd5b42c;f396cefd-b30e-497a-9612-bb5aa30000a8
Fuglemosen 8, st. th , 2605 Brøndby;0a3f50a3-5613-32b8-e044-0003ba298018;c392c68e-06e2-441b-9bac-5cb55f575cc9;f396cefd-b30e-497a-9612-bb5aa30000a8
Fuglemosen 8, st. tv , 2605 Brøndby;0a3f50a3-5614-32b8-e044-0003ba298018;c5e36dd6-8995-414d-9a10-4834ca63dc19;f396cefd-b30e-497a-9612-bb5aa30000a8
Fuglemosen 1, st. tv , 2605 Brøndby;0a3f50a3-55e9-32b8-e044-0003ba298018;7ac316f9-256d-479b-9edd-f0b0582d1a76;96bf7d05-53e4-47c3-9a18-8881524f8bf9
Fuglemosen 1, st. th , 2605 Brøndby;0a3f50a3-55e8-32b8-e044-0003ba298018;82242064-ba17-4ccb-acee-afca71434006;96bf7d05-53e4-47c3-9a18-8881524f8bf9
Fuglemosen 1, 1. tv , 2605 Brøndby;0a3f50a3-55eb-32b8-e044-0003ba298018;327222b4-0350-4ee9-bb05-1f0bfd137ca9;96bf7d05-53e4-47c3-9a18-8881524f8bf9
Fuglemosen 1, 1. th , 2605 Brøndby;0a3f50a3-55ea-32b8-e044-0003ba298018;19d1c859-80b9-4e84-ba08-9658f9012cd3;96bf7d05-53e4-47c3-9a18-8881524f8bf9
Fuglemosen 1, 2. tv , 2605 Brøndby;0a3f50a3-55ed-32b8-e044-0003ba298018;0f4ae0bc-8c5c-4b68-b131-e92f224b5f3d;96bf7d05-53e4-47c3-9a18-8881524f8bf9
Fuglemosen 1, 2. th , 2605 Brøndby;0a3f50a3-55ec-32b8-e044-0003ba298018;bbfee0a1-114c-4b23-b7e1-1072c19d652e;96bf7d05-53e4-47c3-9a18-8881524f8bf9
Fuglemosen 3, st. tv , 2605 Brøndby;0a3f50a3-55f5-32b8-e044-0003ba298018;f28cfaca-18f6-4a5d-b3a9-3c2fba5e1eb4;96bf7d05-53e4-47c3-9a18-8881524f8bf9
Fuglemosen 3, st. th , 2605 Brøndby;0a3f50a3-55f4-32b8-e044-0003ba298018;cac3de83-03a8-4412-83a5-ad42e1ea8ace;96bf7d05-53e4-47c3-9a18-8881524f8bf9
Fuglemosen 3, 1. tv , 2605 Brøndby;0a3f50a3-55f7-32b8-e044-0003ba298018;1edb8bdf-9b07-4168-b22a-262d3e977d4c;96bf7d05-53e4-47c3-9a18-8881524f8bf9
Fuglemosen 3, 1. th , 2605 Brøndby;0a3f50a3-55f6-32b8-e044-0003ba298018;48902707-e2a0-4b38-9275-f49eced4d6e5;96bf7d05-53e4-47c3-9a18-8881524f8bf9
Fuglemosen 3, 2. tv , 2605 Brøndby;0a3f50a3-55f9-32b8-e044-0003ba298018;212efd66-47b7-4e6a-9076-c7f2eafb111f;96bf7d05-53e4-47c3-9a18-8881524f8bf9
Fuglemosen 3, 2. th , 2605 Brøndby;0a3f50a3-55f8-32b8-e044-0003ba298018;fee7bbd9-3149-459f-a596-c1a8289814d7;96bf7d05-53e4-47c3-9a18-8881524f8bf9
Fuglemosen 5, st. tv , 2605 Brøndby;0a3f50a3-5601-32b8-e044-0003ba298018;fbd227d1-2a2d-49fe-9ad1-655fd7aecfd1;96bf7d05-53e4-47c3-9a18-8881524f8bf9
Fuglemosen 5, st. th , 2605 Brøndby;0a3f50a3-5600-32b8-e044-0003ba298018;ed50ed13-f655-4cef-9711-0a5bdc2907e6;96bf7d05-53e4-47c3-9a18-8881524f8bf9
Fuglemosen 5, 1. tv , 2605 Brøndby;0a3f50a3-5603-32b8-e044-0003ba298018;02865a3d-d4e0-4a6a-bb3f-8dfdf763b445;96bf7d05-53e4-47c3-9a18-8881524f8bf9
Fuglemosen 5, 1. th , 2605 Brøndby;0a3f50a3-5602-32b8-e044-0003ba298018;ae420a9e-df27-4a78-aec5-847d7ffb46dc;96bf7d05-53e4-47c3-9a18-8881524f8bf9
Fuglemosen 5, 2. tv , 2605 Brøndby;0a3f50a3-5605-32b8-e044-0003ba298018;4e854479-e2b5-48d4-bb40-99715141199f;96bf7d05-53e4-47c3-9a18-8881524f8bf9
Fuglemosen 5, 2. th , 2605 Brøndby;0a3f50a3-5604-32b8-e044-0003ba298018;f3cf556b-df52-4d62-9bf1-06e2954f8094;96bf7d05-53e4-47c3-9a18-8881524f8bf9
Fuglemosen 7, st. tv , 2605 Brøndby;0a3f50a3-560d-32b8-e044-0003ba298018;61ab9b82-dbee-4ae0-9159-ac9cbf483407;96bf7d05-53e4-47c3-9a18-8881524f8bf9
Fuglemosen 7, st. th , 2605 Brøndby;0a3f50a3-560c-32b8-e044-0003ba298018;de4c1b68-8e3f-46b8-a8a2-b92d8f7ab898;96bf7d05-53e4-47c3-9a18-8881524f8bf9
Fuglemosen 7, 1. tv , 2605 Brøndby;0a3f50a3-560f-32b8-e044-0003ba298018;075a3b21-380a-4e2e-9837-372b0cafda83;96bf7d05-53e4-47c3-9a18-8881524f8bf9
Fuglemosen 7, 1. th , 2605 Brøndby;0a3f50a3-560e-32b8-e044-0003ba298018;64699b78-25b7-4e33-a165-f9083d631164;96bf7d05-53e4-47c3-9a18-8881524f8bf9
Fuglemosen 7, 2. tv , 2605 Brøndby;0a3f50a3-5611-32b8-e044-0003ba298018;c5be293c-09e3-49e5-bc71-eff08a5863db;96bf7d05-53e4-47c3-9a18-8881524f8bf9
Fuglemosen 7, 2. th , 2605 Brøndby;0a3f50a3-5610-32b8-e044-0003ba298018;3a3bb53f-5a28-495c-b6e2-5ce1c5e63fd5;96bf7d05-53e4-47c3-9a18-8881524f8bf9
Brøndbyvestervej 130, st. tv , 2605 Brøndby;0a3f50a3-4da7-32b8-e044-0003ba298018;ccce2afd-e6c6-4795-927a-11c4b51fa48b;58c43e20-bf4e-4f60-bfef-62a9e6957c2f
Brøndbyvestervej 130, st. th , 2605 Brøndby;0a3f50a3-4da6-32b8-e044-0003ba298018;d10db4cc-4d0b-416c-aef8-e7ee74680df1;58c43e20-bf4e-4f60-bfef-62a9e6957c2f
Brøndbyvestervej 130, 1. tv , 2605 Brøndby;0a3f50a3-4da9-32b8-e044-0003ba298018;d85212c4-e57e-42c2-951e-75c87997761d;58c43e20-bf4e-4f60-bfef-62a9e6957c2f
Brøndbyvestervej 130, 1. th , 2605 Brøndby;0a3f50a3-4da8-32b8-e044-0003ba298018;fc33879e-54a9-4160-8982-89cbd86eaa75;58c43e20-bf4e-4f60-bfef-62a9e6957c2f
Brøndbyvestervej 130, 2. tv , 2605 Brøndby;0a3f50a3-4dab-32b8-e044-0003ba298018;b06d53fd-97f1-430d-9686-d07e737c0267;58c43e20-bf4e-4f60-bfef-62a9e6957c2f
Brøndbyvestervej 130, 2. th , 2605 Brøndby;0a3f50a3-4daa-32b8-e044-0003ba298018;ac6459ec-6799-44d0-a3e7-d976fa725a53;58c43e20-bf4e-4f60-bfef-62a9e6957c2f
Brøndbyvestervej 132, st. tv , 2605 Brøndby;0a3f50a3-4dae-32b8-e044-0003ba298018;5b49921e-e9d8-4079-bcc5-f59355585bed;58c43e20-bf4e-4f60-bfef-62a9e6957c2f
Brøndbyvestervej 132, st. th , 2605 Brøndby;0a3f50a3-4dad-32b8-e044-0003ba298018;c98608d2-e5ad-4196-8a97-d7717dd56226;58c43e20-bf4e-4f60-bfef-62a9e6957c2f
Brøndbyvestervej 132, 1. tv , 2605 Brøndby;0a3f50a3-4db0-32b8-e044-0003ba298018;9ed61b5b-85d0-4d0c-b333-ce2ba164f541;58c43e20-bf4e-4f60-bfef-62a9e6957c2f
Brøndbyvestervej 132, 1. th , 2605 Brøndby;0a3f50a3-4daf-32b8-e044-0003ba298018;b2631a83-2df0-4679-b169-954618e9e746;58c43e20-bf4e-4f60-bfef-62a9e6957c2f
Brøndbyvestervej 132, 2. tv , 2605 Brøndby;0a3f50a3-4db2-32b8-e044-0003ba298018;9da297b4-ece2-405c-be23-b3c8397b6ab1;58c43e20-bf4e-4f60-bfef-62a9e6957c2f
Brøndbyvestervej 132, 2. th , 2605 Brøndby;0a3f50a3-4db1-32b8-e044-0003ba298018;8262dc38-0e6e-43c6-a54c-31d2f82ab93b;58c43e20-bf4e-4f60-bfef-62a9e6957c2f
Brøndbyvestervej 134, st. tv , 2605 Brøndby;0a3f50a3-4db5-32b8-e044-0003ba298018;1e5d9b1d-29a1-417f-8b46-77690677c5fe;58c43e20-bf4e-4f60-bfef-62a9e6957c2f
Brøndbyvestervej 134, st. th , 2605 Brøndby;0a3f50a3-4db4-32b8-e044-0003ba298018;3cd99d2c-027f-4f58-8a3f-6d59e07738dd;58c43e20-bf4e-4f60-bfef-62a9e6957c2f
Brøndbyvestervej 134, 1. tv , 2605 Brøndby;0a3f50a3-4db7-32b8-e044-0003ba298018;77942bb8-9807-4653-af71-3aa4da768417;58c43e20-bf4e-4f60-bfef-62a9e6957c2f
Brøndbyvestervej 134, 1. th , 2605 Brøndby;0a3f50a3-4db6-32b8-e044-0003ba298018;c59ea21c-ac4e-4c46-bc22-c449f67c7bd9;58c43e20-bf4e-4f60-bfef-62a9e6957c2f
Brøndbyvestervej 134, 2. tv , 2605 Brøndby;0a3f50a3-4db9-32b8-e044-0003ba298018;4c1f1bf1-70cd-4b55-905e-a1aa1f9fdcad;58c43e20-bf4e-4f60-bfef-62a9e6957c2f
Brøndbyvestervej 134, 2. th , 2605 Brøndby;0a3f50a3-4db8-32b8-e044-0003ba298018;9785540b-9d9f-448f-a793-2dd593717119;58c43e20-bf4e-4f60-bfef-62a9e6957c2f
Brøndbyvestervej 136, st. tv , 2605 Brøndby;0a3f50a3-4dbd-32b8-e044-0003ba298018;411bba9d-ae64-4b0c-85e7-22b2cc88da49;58c43e20-bf4e-4f60-bfef-62a9e6957c2f
Brøndbyvestervej 136, st. mf , 2605 Brøndby;0a3f50a3-4dbb-32b8-e044-0003ba298018;196e56b8-fc04-44b2-9c45-7a7403a77290;58c43e20-bf4e-4f60-bfef-62a9e6957c2f
Brøndbyvestervej 136, st. th , 2605 Brøndby;0a3f50a3-4dbc-32b8-e044-0003ba298018;df4ef532-3097-49ad-8433-439703fe2199;58c43e20-bf4e-4f60-bfef-62a9e6957c2f
Brøndbyvestervej 136, 1. tv , 2605 Brøndby;0a3f50a3-4dc0-32b8-e044-0003ba298018;46787020-8d46-4791-8807-1f4f6585a185;58c43e20-bf4e-4f60-bfef-62a9e6957c2f
Brøndbyvestervej 136, 1. mf , 2605 Brøndby;0a3f50a3-4dbe-32b8-e044-0003ba298018;f15637cc-f53a-4554-b9ce-4b2009354723;58c43e20-bf4e-4f60-bfef-62a9e6957c2f
Brøndbyvestervej 136, 1. th , 2605 Brøndby;0a3f50a3-4dbf-32b8-e044-0003ba298018;f118c7b3-1bb0-4a9f-8fc0-3fb183e4cc4b;58c43e20-bf4e-4f60-bfef-62a9e6957c2f
Brøndbyvestervej 136, 2. tv , 2605 Brøndby;0a3f50a3-4dc3-32b8-e044-0003ba298018;f0061408-46b2-4d0e-b2df-b6065b89b770;58c43e20-bf4e-4f60-bfef-62a9e6957c2f
Brøndbyvestervej 136, 2. mf , 2605 Brøndby;0a3f50a3-4dc1-32b8-e044-0003ba298018;08feddea-0d1d-453c-8c3c-9d4e9d1cc827;58c43e20-bf4e-4f60-bfef-62a9e6957c2f
Brøndbyvestervej 136, 2. th , 2605 Brøndby;0a3f50a3-4dc2-32b8-e044-0003ba298018;c81c2bf1-8701-4d0f-940b-d2af491df9f3;58c43e20-bf4e-4f60-bfef-62a9e6957c2f
Fuglemosen 10, st. tv , 2605 Brøndby;0a3f50a3-5622-32b8-e044-0003ba298018;5591e7cc-b5cb-41f0-bdcf-5ecaae1a8fc7;2a079eae-def6-4d68-853c-c24fa757aaa8
Fuglemosen 10, st. th , 2605 Brøndby;0a3f50a3-5621-32b8-e044-0003ba298018;f1bbeb32-1c1e-45ff-8823-b901510272fa;2a079eae-def6-4d68-853c-c24fa757aaa8
Fuglemosen 10, 1. tv , 2605 Brøndby;0a3f50a3-5624-32b8-e044-0003ba298018;3c3418b1-d46e-4d9d-b243-29a8701c8930;2a079eae-def6-4d68-853c-c24fa757aaa8
Fuglemosen 10, 1. th , 2605 Brøndby;0a3f50a3-5623-32b8-e044-0003ba298018;9920f160-142e-400a-a486-cb7a47508bc0;2a079eae-def6-4d68-853c-c24fa757aaa8
Fuglemosen 10, 2. tv , 2605 Brøndby;0a3f50a3-5626-32b8-e044-0003ba298018;6075b3ab-48e9-490a-9d86-1a6d0f173d54;2a079eae-def6-4d68-853c-c24fa757aaa8
Fuglemosen 10, 2. th , 2605 Brøndby;0a3f50a3-5625-32b8-e044-0003ba298018;0bca3326-448d-4610-849b-e74be5f62b95;2a079eae-def6-4d68-853c-c24fa757aaa8
Fuglemosen 12, st. tv , 2605 Brøndby;0a3f50a3-562e-32b8-e044-0003ba298018;bfd569d8-b340-453d-ac89-4fad58a43afb;2a079eae-def6-4d68-853c-c24fa757aaa8
Fuglemosen 12, st. th , 2605 Brøndby;0a3f50a3-562d-32b8-e044-0003ba298018;e6cbc284-96c3-4362-8feb-e94c64904972;2a079eae-def6-4d68-853c-c24fa757aaa8
Fuglemosen 12, 1. tv , 2605 Brøndby;0a3f50a3-5630-32b8-e044-0003ba298018;d10f9b2c-391c-487e-ae7e-0d7a2127980b;2a079eae-def6-4d68-853c-c24fa757aaa8
Fuglemosen 12, 1. th , 2605 Brøndby;0a3f50a3-562f-32b8-e044-0003ba298018;455291b5-554b-4757-83bd-fe9361337cf6;2a079eae-def6-4d68-853c-c24fa757aaa8
Fuglemosen 12, 2. tv , 2605 Brøndby;0a3f50a3-5632-32b8-e044-0003ba298018;cb247615-0d01-45ce-a1f0-78e981da7ff5;2a079eae-def6-4d68-853c-c24fa757aaa8
Fuglemosen 12, 2. th , 2605 Brøndby;0a3f50a3-5631-32b8-e044-0003ba298018;5f4d78cd-0eae-4464-b4cc-15074de2b522;2a079eae-def6-4d68-853c-c24fa757aaa8
Fuglemosen 14, st. tv , 2605 Brøndby;0a3f50a3-563a-32b8-e044-0003ba298018;eb44cb20-add0-4497-9a07-acc97020d311;2a079eae-def6-4d68-853c-c24fa757aaa8
Fuglemosen 14, st. th , 2605 Brøndby;0a3f50a3-5639-32b8-e044-0003ba298018;6f854126-1b0e-4e08-9db9-37de6e5ecd4c;2a079eae-def6-4d68-853c-c24fa757aaa8
Fuglemosen 14, 1. tv , 2605 Brøndby;0a3f50a3-563c-32b8-e044-0003ba298018;b49cf5e2-1321-40bc-adaf-b0daa3f6948d;2a079eae-def6-4d68-853c-c24fa757aaa8
Fuglemosen 14, 1. th , 2605 Brøndby;0a3f50a3-563b-32b8-e044-0003ba298018;87edd1d1-30a7-4e51-9b50-1c5d5a7b55f3;2a079eae-def6-4d68-853c-c24fa757aaa8
Fuglemosen 14, 2. tv , 2605 Brøndby;0a3f50a3-563e-32b8-e044-0003ba298018;422622f1-88bd-413a-b559-2cefda0f2f71;2a079eae-def6-4d68-853c-c24fa757aaa8
Fuglemosen 14, 2. th , 2605 Brøndby;0a3f50a3-563d-32b8-e044-0003ba298018;62d9f525-fd44-45e0-897b-17d0a6727358;2a079eae-def6-4d68-853c-c24fa757aaa8
Fuglemosen 16, st. tv , 2605 Brøndby;0a3f50a3-5647-32b8-e044-0003ba298018;27997b4b-1cee-421a-80c0-1240f2ad5d5f;2a079eae-def6-4d68-853c-c24fa757aaa8
Fuglemosen 16, st. mf , 2605 Brøndby;0a3f50a3-5645-32b8-e044-0003ba298018;9918be13-f4ff-4d34-89aa-9846f61b8851;2a079eae-def6-4d68-853c-c24fa757aaa8
Fuglemosen 16, st. th , 2605 Brøndby;0a3f50a3-5646-32b8-e044-0003ba298018;843c461f-b681-4b1c-905b-095aeef051c1;2a079eae-def6-4d68-853c-c24fa757aaa8
Fuglemosen 16, 1. tv , 2605 Brøndby;0a3f50a3-564a-32b8-e044-0003ba298018;5fd845eb-c9ba-4c19-872d-b8e51ef82284;2a079eae-def6-4d68-853c-c24fa757aaa8
Fuglemosen 16, 1. mf , 2605 Brøndby;0a3f50a3-5648-32b8-e044-0003ba298018;5ade21cf-faf4-4977-b2fb-052d4d7d4470;2a079eae-def6-4d68-853c-c24fa757aaa8
Fuglemosen 16, 1. th , 2605 Brøndby;0a3f50a3-5649-32b8-e044-0003ba298018;a74c159f-3c8f-4840-8cce-42e4c38a9c82;2a079eae-def6-4d68-853c-c24fa757aaa8
Fuglemosen 16, 2. tv , 2605 Brøndby;0a3f50a3-564d-32b8-e044-0003ba298018;09253a9f-5d12-4957-bd0e-768e4346dca6;2a079eae-def6-4d68-853c-c24fa757aaa8
Fuglemosen 16, 2. mf , 2605 Brøndby;0a3f50a3-564b-32b8-e044-0003ba298018;57828a27-7e45-4ea7-8805-a7d6351b7206;2a079eae-def6-4d68-853c-c24fa757aaa8
Fuglemosen 16, 2. th , 2605 Brøndby;0a3f50a3-564c-32b8-e044-0003ba298018;13837df7-a788-4c92-8c58-d85fb45e90de;2a079eae-def6-4d68-853c-c24fa757aaa8
Fuglemosen 11, st. tv , 2605 Brøndby;0a3f50a3-5628-32b8-e044-0003ba298018;27d00edd-c895-4a2f-aab0-f6ead9d7e151;c8ca476d-602b-4c1b-8a9f-b1e5814e7fac
Fuglemosen 11, 1. tv , 2605 Brøndby;0a3f50a3-562a-32b8-e044-0003ba298018;07005521-3224-42cc-a4b6-4bca257d488c;c8ca476d-602b-4c1b-8a9f-b1e5814e7fac
Fuglemosen 11, 2. tv , 2605 Brøndby;0a3f50a3-562c-32b8-e044-0003ba298018;f4e9c434-7f35-4d10-8188-2c66de58f4b0;c8ca476d-602b-4c1b-8a9f-b1e5814e7fac
Fuglemosen 11, 2. th , 2605 Brøndby;0a3f50a3-562b-32b8-e044-0003ba298018;4a3f57b8-aa27-4a1c-8c68-dc41050b83d2;c8ca476d-602b-4c1b-8a9f-b1e5814e7fac
Fuglemosen 11, st. th , 2605 Brøndby;0a3f50a3-5627-32b8-e044-0003ba298018;8e864e8e-dbb7-41e5-8427-c0e10f4086d3;c8ca476d-602b-4c1b-8a9f-b1e5814e7fac
Fuglemosen 11, 1. th , 2605 Brøndby;0a3f50a3-5629-32b8-e044-0003ba298018;e9b0a57e-679e-44f3-b73c-a7b0a7b72c9d;c8ca476d-602b-4c1b-8a9f-b1e5814e7fac
Fuglemosen 13, st. tv , 2605 Brøndby;0a3f50a3-5634-32b8-e044-0003ba298018;380be6e8-2bb1-4317-87a8-4d0ec27d88d8;c8ca476d-602b-4c1b-8a9f-b1e5814e7fac
Fuglemosen 13, st. th , 2605 Brøndby;0a3f50a3-5633-32b8-e044-0003ba298018;a1b59b4a-eded-43c7-ba78-1df55fb25367;c8ca476d-602b-4c1b-8a9f-b1e5814e7fac
Fuglemosen 13, 1. tv , 2605 Brøndby;0a3f50a3-5636-32b8-e044-0003ba298018;007a49ae-c2dc-43bb-8733-70a6441d05c5;c8ca476d-602b-4c1b-8a9f-b1e5814e7fac
Fuglemosen 13, 2. tv , 2605 Brøndby;0a3f50a3-5638-32b8-e044-0003ba298018;81c23387-fea8-42b8-889d-5e46d8806e82;c8ca476d-602b-4c1b-8a9f-b1e5814e7fac
Fuglemosen 13, 1. th , 2605 Brøndby;0a3f50a3-5635-32b8-e044-0003ba298018;d3513bf9-60c3-443c-a9ac-1bbbc4ee121e;c8ca476d-602b-4c1b-8a9f-b1e5814e7fac
Fuglemosen 13, 2. th , 2605 Brøndby;0a3f50a3-5637-32b8-e044-0003ba298018;8e44781f-ec1e-4426-a440-73bd29b7af8a;c8ca476d-602b-4c1b-8a9f-b1e5814e7fac
Fuglemosen 15, st. tv , 2605 Brøndby;0a3f50a3-5640-32b8-e044-0003ba298018;18bc5cf8-7418-48c8-ba85-7e9899259f19;c8ca476d-602b-4c1b-8a9f-b1e5814e7fac
Fuglemosen 15, st. th , 2605 Brøndby;0a3f50a3-563f-32b8-e044-0003ba298018;cf5f898d-3264-4bad-a207-aabee5638765;c8ca476d-602b-4c1b-8a9f-b1e5814e7fac
Fuglemosen 15, 1. th , 2605 Brøndby;0a3f50a3-5641-32b8-e044-0003ba298018;d0bccde6-ec2c-4cda-bc5b-519e44857a8b;c8ca476d-602b-4c1b-8a9f-b1e5814e7fac
Fuglemosen 15, 2. tv , 2605 Brøndby;0a3f50a3-5644-32b8-e044-0003ba298018;05bc4b03-295f-4bfe-a9d7-8465e5d07a8d;c8ca476d-602b-4c1b-8a9f-b1e5814e7fac
Fuglemosen 15, 1. tv , 2605 Brøndby;0a3f50a3-5642-32b8-e044-0003ba298018;5bee310d-66f7-48e9-ae48-81834c1f9157;c8ca476d-602b-4c1b-8a9f-b1e5814e7fac
Fuglemosen 15, 2. th , 2605 Brøndby;0a3f50a3-5643-32b8-e044-0003ba298018;0e3056c8-84a9-4013-b850-4c6dd951e53e;c8ca476d-602b-4c1b-8a9f-b1e5814e7fac
Fuglemosen 9, st. tv , 2605 Brøndby;0a3f50a3-561c-32b8-e044-0003ba298018;24e32a7a-2a35-4905-bee5-27f80e3a6d8c;c8ca476d-602b-4c1b-8a9f-b1e5814e7fac
Fuglemosen 9, st. th , 2605 Brøndby;0a3f50a3-561b-32b8-e044-0003ba298018;bb5d584f-724f-4981-82a0-175011a763bf;c8ca476d-602b-4c1b-8a9f-b1e5814e7fac
Fuglemosen 9, 1. th , 2605 Brøndby;0a3f50a3-561d-32b8-e044-0003ba298018;60db4787-bd11-4951-89a7-4acfb39e065b;c8ca476d-602b-4c1b-8a9f-b1e5814e7fac
Fuglemosen 9, 2. th , 2605 Brøndby;0a3f50a3-561f-32b8-e044-0003ba298018;193052b0-71cc-4c51-85ff-75c00b81cab5;c8ca476d-602b-4c1b-8a9f-b1e5814e7fac
Fuglemosen 9, 2. tv , 2605 Brøndby;0a3f50a3-5620-32b8-e044-0003ba298018;334d1955-34b5-4bad-b005-89ee278fcf6a;c8ca476d-602b-4c1b-8a9f-b1e5814e7fac
Fuglemosen 9, 1. tv , 2605 Brøndby;0a3f50a3-561e-32b8-e044-0003ba298018;a1b49d09-ff3a-4f02-9562-1d4a37f394fe;c8ca476d-602b-4c1b-8a9f-b1e5814e7fac
Brøndbyvestervej 138, st. tv , 2605 Brøndby;0a3f50a3-4dc6-32b8-e044-0003ba298018;612fb744-bc82-4d50-afb0-6999c82f5623;87e9a219-a838-4c6e-979c-5f90c2c00cfc
Brøndbyvestervej 138, st. th , 2605 Brøndby;0a3f50a3-4dc5-32b8-e044-0003ba298018;8ee6eec1-d1e5-438a-b3e0-3d06c291b07c;87e9a219-a838-4c6e-979c-5f90c2c00cfc
Brøndbyvestervej 138, 1. tv , 2605 Brøndby;0a3f50a3-4dc8-32b8-e044-0003ba298018;017b4564-18d3-4f48-bf53-904eadf8482a;87e9a219-a838-4c6e-979c-5f90c2c00cfc
Brøndbyvestervej 138, 1. th , 2605 Brøndby;0a3f50a3-4dc7-32b8-e044-0003ba298018;79168213-f204-4d96-932d-0fa89aaaf297;87e9a219-a838-4c6e-979c-5f90c2c00cfc
Brøndbyvestervej 138, 2. tv , 2605 Brøndby;0a3f50a3-4dca-32b8-e044-0003ba298018;06f8e2db-2881-474e-add6-55f05bb2346b;87e9a219-a838-4c6e-979c-5f90c2c00cfc
Brøndbyvestervej 138, 2. th , 2605 Brøndby;0a3f50a3-4dc9-32b8-e044-0003ba298018;630ecd7d-18a5-4cb2-969e-ceb62eaee750;87e9a219-a838-4c6e-979c-5f90c2c00cfc
Brøndbyvestervej 140, st. tv , 2605 Brøndby;0a3f50a3-4dcd-32b8-e044-0003ba298018;9c168ad7-5bdd-4d1e-b1a3-3672ecddc2ef;87e9a219-a838-4c6e-979c-5f90c2c00cfc
Brøndbyvestervej 140, st. th , 2605 Brøndby;0a3f50a3-4dcc-32b8-e044-0003ba298018;1dc4a209-f787-4674-8b55-ae8a2e36b43b;87e9a219-a838-4c6e-979c-5f90c2c00cfc
Brøndbyvestervej 140, 1. tv , 2605 Brøndby;0a3f50a3-4dcf-32b8-e044-0003ba298018;be0c4669-adfd-424a-8a10-e1d2b8000d01;87e9a219-a838-4c6e-979c-5f90c2c00cfc
Brøndbyvestervej 140, 1. th , 2605 Brøndby;0a3f50a3-4dce-32b8-e044-0003ba298018;2b307acc-186b-4a03-861d-9787dbeacb16;87e9a219-a838-4c6e-979c-5f90c2c00cfc
Brøndbyvestervej 140, 2. tv , 2605 Brøndby;0a3f50a3-4dd1-32b8-e044-0003ba298018;038ab76c-201a-4d8b-8ac9-0b916c0748b1;87e9a219-a838-4c6e-979c-5f90c2c00cfc
Brøndbyvestervej 140, 2. th , 2605 Brøndby;0a3f50a3-4dd0-32b8-e044-0003ba298018;d5061da7-cb89-4b91-b707-81410b29b999;87e9a219-a838-4c6e-979c-5f90c2c00cfc
Brøndbyvestervej 142, st. tv , 2605 Brøndby;0a3f50a3-4dd4-32b8-e044-0003ba298018;12766254-043e-4624-8bb9-bd78d805e533;87e9a219-a838-4c6e-979c-5f90c2c00cfc
Brøndbyvestervej 142, st. th , 2605 Brøndby;0a3f50a3-4dd3-32b8-e044-0003ba298018;007765b8-a313-4ce8-ad56-603bbfa74115;87e9a219-a838-4c6e-979c-5f90c2c00cfc
Brøndbyvestervej 142, 1. tv , 2605 Brøndby;0a3f50a3-4dd6-32b8-e044-0003ba298018;f0bb5c5d-2534-44da-8644-19e477e66fb4;87e9a219-a838-4c6e-979c-5f90c2c00cfc
Brøndbyvestervej 142, 1. th , 2605 Brøndby;0a3f50a3-4dd5-32b8-e044-0003ba298018;210cf87a-3e16-469b-a3b8-a6c0dcb8677c;87e9a219-a838-4c6e-979c-5f90c2c00cfc
Brøndbyvestervej 142, 2. tv , 2605 Brøndby;0a3f50a3-4dd8-32b8-e044-0003ba298018;701adcf1-bd2f-4662-aa52-259692fdd398;87e9a219-a838-4c6e-979c-5f90c2c00cfc
Brøndbyvestervej 142, 2. th , 2605 Brøndby;0a3f50a3-4dd7-32b8-e044-0003ba298018;a167ed25-6466-46bf-979b-980ca881f59a;87e9a219-a838-4c6e-979c-5f90c2c00cfc
Brøndbyvestervej 144, st. tv , 2605 Brøndby;0a3f50a3-4ddc-32b8-e044-0003ba298018;8c1a7010-a409-4dc4-a413-6dd74b3c2188;87e9a219-a838-4c6e-979c-5f90c2c00cfc
Brøndbyvestervej 144, st. mf , 2605 Brøndby;0a3f50a3-4dda-32b8-e044-0003ba298018;d5154463-915f-438e-881c-ffab6c3f313c;87e9a219-a838-4c6e-979c-5f90c2c00cfc
Brøndbyvestervej 144, st. th , 2605 Brøndby;0a3f50a3-4ddb-32b8-e044-0003ba298018;05557619-7043-4ca8-99fd-51a6e853fdf1;87e9a219-a838-4c6e-979c-5f90c2c00cfc
Brøndbyvestervej 144, 1. tv , 2605 Brøndby;0a3f50a3-4ddf-32b8-e044-0003ba298018;0265e249-959f-4295-ad67-6538d69c2cbf;87e9a219-a838-4c6e-979c-5f90c2c00cfc
Brøndbyvestervej 144, 1. mf , 2605 Brøndby;0a3f50a3-4ddd-32b8-e044-0003ba298018;de98e326-f2cd-457d-b4db-fc8d2040a3ac;87e9a219-a838-4c6e-979c-5f90c2c00cfc
Brøndbyvestervej 144, 1. th , 2605 Brøndby;0a3f50a3-4dde-32b8-e044-0003ba298018;cbdea161-21ab-43bd-920a-11d2c46bb459;87e9a219-a838-4c6e-979c-5f90c2c00cfc
Brøndbyvestervej 144, 2. tv , 2605 Brøndby;0a3f50a3-4de2-32b8-e044-0003ba298018;5f38ea82-1c9a-43e4-98c2-700dcfc57c3e;87e9a219-a838-4c6e-979c-5f90c2c00cfc
Brøndbyvestervej 144, 2. mf , 2605 Brøndby;0a3f50a3-4de0-32b8-e044-0003ba298018;bb572639-6cc5-4707-ba36-c1f30207741e;87e9a219-a838-4c6e-979c-5f90c2c00cfc
Brøndbyvestervej 144, 2. th , 2605 Brøndby;0a3f50a3-4de1-32b8-e044-0003ba298018;596327bb-70d1-43bf-946d-d5225c23b04c;87e9a219-a838-4c6e-979c-5f90c2c00cfc
Ørnemosen 1, st. tv , 2605 Brøndby;0a3f50a3-8004-32b8-e044-0003ba298018;add1a20f-dfdd-414c-b528-deeb101c67d9;2859d99d-b5e6-4246-a485-1db78bc6f3bd
Ørnemosen 1, st. th , 2605 Brøndby;0a3f50a3-8003-32b8-e044-0003ba298018;10450b35-3d84-4fcb-a6d5-3ef552b63356;2859d99d-b5e6-4246-a485-1db78bc6f3bd
Ørnemosen 1, 1. tv , 2605 Brøndby;0a3f50a3-8006-32b8-e044-0003ba298018;52c44b97-797c-46ed-9eea-fcfee5666f16;2859d99d-b5e6-4246-a485-1db78bc6f3bd
Ørnemosen 1, 1. th , 2605 Brøndby;0a3f50a3-8005-32b8-e044-0003ba298018;43e4dc42-4992-4a38-a291-c793745a987f;2859d99d-b5e6-4246-a485-1db78bc6f3bd
Ørnemosen 1, 2. tv , 2605 Brøndby;0a3f50a3-8008-32b8-e044-0003ba298018;36fe097c-1f08-4302-94f4-8d3bf9a20d67;2859d99d-b5e6-4246-a485-1db78bc6f3bd
Ørnemosen 1, 2. th , 2605 Brøndby;0a3f50a3-8007-32b8-e044-0003ba298018;29073e54-bec8-4135-af52-12a76d214ae4;2859d99d-b5e6-4246-a485-1db78bc6f3bd
Ørnemosen 3, st. tv , 2605 Brøndby;0a3f50a3-800a-32b8-e044-0003ba298018;73471279-6e2d-47e9-828a-148ee34b3b92;2859d99d-b5e6-4246-a485-1db78bc6f3bd
Ørnemosen 3, st. th , 2605 Brøndby;0a3f50a3-8009-32b8-e044-0003ba298018;c5e96354-e94c-491e-8bd3-1f2f8386dcf8;2859d99d-b5e6-4246-a485-1db78bc6f3bd
Ørnemosen 3, 1. tv , 2605 Brøndby;0a3f50a3-800c-32b8-e044-0003ba298018;82fb1faf-8f62-4304-8af0-cd8f01dc1fff;2859d99d-b5e6-4246-a485-1db78bc6f3bd
Ørnemosen 3, 1. th , 2605 Brøndby;0a3f50a3-800b-32b8-e044-0003ba298018;8a4754e6-054c-4794-8072-b37e42608261;2859d99d-b5e6-4246-a485-1db78bc6f3bd
Ørnemosen 3, 2. tv , 2605 Brøndby;0a3f50a3-800e-32b8-e044-0003ba298018;6a92c5ac-829b-4534-8dec-8ebbc6f372d3;2859d99d-b5e6-4246-a485-1db78bc6f3bd
Ørnemosen 3, 2. th , 2605 Brøndby;0a3f50a3-800d-32b8-e044-0003ba298018;85fe4494-01f2-477d-886c-568a4018a5ab;2859d99d-b5e6-4246-a485-1db78bc6f3bd
Ørnemosen 5, st. tv , 2605 Brøndby;0a3f50a3-8010-32b8-e044-0003ba298018;b7c02cb0-868d-4c54-90ae-06b0ecb1e5da;2859d99d-b5e6-4246-a485-1db78bc6f3bd
Ørnemosen 5, st. th , 2605 Brøndby;0a3f50a3-800f-32b8-e044-0003ba298018;9fe2e002-4e2d-4fc1-b034-b929e39f2c38;2859d99d-b5e6-4246-a485-1db78bc6f3bd
Ørnemosen 5, 1. tv , 2605 Brøndby;0a3f50a3-8012-32b8-e044-0003ba298018;9d34cb3b-8397-4039-b9bf-a214b649f6d7;2859d99d-b5e6-4246-a485-1db78bc6f3bd
Ørnemosen 5, 1. th , 2605 Brøndby;0a3f50a3-8011-32b8-e044-0003ba298018;ce5ec3d6-e38f-4cd7-9430-c7063b2d7fa7;2859d99d-b5e6-4246-a485-1db78bc6f3bd
Ørnemosen 5, 2. tv , 2605 Brøndby;0a3f50a3-8014-32b8-e044-0003ba298018;89e266a9-618e-47ce-b271-2fdfb4696504;2859d99d-b5e6-4246-a485-1db78bc6f3bd
Ørnemosen 5, 2. th , 2605 Brøndby;0a3f50a3-8013-32b8-e044-0003ba298018;8c123774-dc53-4557-b24a-421c84fb468b;2859d99d-b5e6-4246-a485-1db78bc6f3bd
Ørnemosen 7, st. tv , 2605 Brøndby;0a3f50a3-8016-32b8-e044-0003ba298018;baee8e72-3f8b-4efb-b64a-17612cb21d02;2859d99d-b5e6-4246-a485-1db78bc6f3bd
Ørnemosen 7, st. th , 2605 Brøndby;0a3f50a3-8015-32b8-e044-0003ba298018;a14910fc-fcff-4312-b759-71ac400ad66c;2859d99d-b5e6-4246-a485-1db78bc6f3bd
Ørnemosen 7, 1. tv , 2605 Brøndby;0a3f50a3-8018-32b8-e044-0003ba298018;8b28a324-d3ed-4e01-ba7a-6e71b2e6e505;2859d99d-b5e6-4246-a485-1db78bc6f3bd
Ørnemosen 7, 1. th , 2605 Brøndby;0a3f50a3-8017-32b8-e044-0003ba298018;c7f8561a-aeac-4646-9721-f0014c5b9b77;2859d99d-b5e6-4246-a485-1db78bc6f3bd
Ørnemosen 7, 2. tv , 2605 Brøndby;0a3f50a3-801a-32b8-e044-0003ba298018;ff3a6d11-47d6-4b4a-9ac8-4abb7a22fdf0;2859d99d-b5e6-4246-a485-1db78bc6f3bd
Ørnemosen 7, 2. th , 2605 Brøndby;0a3f50a3-8019-32b8-e044-0003ba298018;1279aaa1-152d-42c4-a6da-2cae2d3517e5;2859d99d-b5e6-4246-a485-1db78bc6f3bd
Brøndbyvestervej 146, st. tv , 2605 Brøndby;0a3f50a3-4de5-32b8-e044-0003ba298018;df625791-f5a1-447f-b329-8b2296678ce5;38d7caf7-7b9e-48c5-be77-09738fd8bd90
Brøndbyvestervej 146, st. th , 2605 Brøndby;0a3f50a3-4de4-32b8-e044-0003ba298018;0e0337a6-449b-4a72-a399-39eaac862777;38d7caf7-7b9e-48c5-be77-09738fd8bd90
Brøndbyvestervej 146, 1. tv , 2605 Brøndby;0a3f50a3-4de7-32b8-e044-0003ba298018;4a030008-4eeb-43a0-9064-300fc844b136;38d7caf7-7b9e-48c5-be77-09738fd8bd90
Brøndbyvestervej 146, 1. th , 2605 Brøndby;0a3f50a3-4de6-32b8-e044-0003ba298018;a2fb056a-252b-44e0-b923-cd5d0a284eba;38d7caf7-7b9e-48c5-be77-09738fd8bd90
Brøndbyvestervej 146, 2. tv , 2605 Brøndby;0a3f50a3-4de9-32b8-e044-0003ba298018;483de6e9-c314-4273-ad43-eec71f683964;38d7caf7-7b9e-48c5-be77-09738fd8bd90
Brøndbyvestervej 146, 2. th , 2605 Brøndby;0a3f50a3-4de8-32b8-e044-0003ba298018;4faa03ac-b6f5-48a5-9453-fe0626a9480c;38d7caf7-7b9e-48c5-be77-09738fd8bd90
Brøndbyvestervej 148, st. tv , 2605 Brøndby;0a3f50a3-4dec-32b8-e044-0003ba298018;02df6fd1-75b3-44fc-b2a1-960a97352256;38d7caf7-7b9e-48c5-be77-09738fd8bd90
Brøndbyvestervej 148, st. th , 2605 Brøndby;0a3f50a3-4deb-32b8-e044-0003ba298018;00f72afb-48ef-4ed2-acd2-0048c5420b8a;38d7caf7-7b9e-48c5-be77-09738fd8bd90
Brøndbyvestervej 148, 1. tv , 2605 Brøndby;0a3f50a3-4dee-32b8-e044-0003ba298018;9ee7c1fe-0770-440c-ada5-2baf7ee65316;38d7caf7-7b9e-48c5-be77-09738fd8bd90
Brøndbyvestervej 148, 1. th , 2605 Brøndby;0a3f50a3-4ded-32b8-e044-0003ba298018;2ed984c5-246b-44c8-9fc9-e98c28a99e1d;38d7caf7-7b9e-48c5-be77-09738fd8bd90
Brøndbyvestervej 148, 2. tv , 2605 Brøndby;0a3f50a3-4df0-32b8-e044-0003ba298018;793d7aba-3c50-4ec7-acea-991c914608b6;38d7caf7-7b9e-48c5-be77-09738fd8bd90
Brøndbyvestervej 148, 2. th , 2605 Brøndby;0a3f50a3-4def-32b8-e044-0003ba298018;a5295f2f-6b96-4992-8d27-75c661780ea9;38d7caf7-7b9e-48c5-be77-09738fd8bd90
Brøndbyvestervej 150, st. tv , 2605 Brøndby;0a3f50a3-4df3-32b8-e044-0003ba298018;107ca601-cdfd-426b-8add-a55ee7cd3b0d;38d7caf7-7b9e-48c5-be77-09738fd8bd90
Brøndbyvestervej 150, st. th , 2605 Brøndby;0a3f50a3-4df2-32b8-e044-0003ba298018;79193c78-985c-40a5-b026-4111ea15f51f;38d7caf7-7b9e-48c5-be77-09738fd8bd90
Brøndbyvestervej 150, 1. tv , 2605 Brøndby;0a3f50a3-4df5-32b8-e044-0003ba298018;667f72de-88fc-407d-b3c7-d09407a8fa3d;38d7caf7-7b9e-48c5-be77-09738fd8bd90
Brøndbyvestervej 150, 1. th , 2605 Brøndby;0a3f50a3-4df4-32b8-e044-0003ba298018;9a3ba8a8-dbd8-4538-a71b-a5e688484fec;38d7caf7-7b9e-48c5-be77-09738fd8bd90
Brøndbyvestervej 150, 2. tv , 2605 Brøndby;0a3f50a3-4df7-32b8-e044-0003ba298018;1f130943-6856-44ec-aee4-0e2c2341c96a;38d7caf7-7b9e-48c5-be77-09738fd8bd90
Brøndbyvestervej 150, 2. th , 2605 Brøndby;0a3f50a3-4df6-32b8-e044-0003ba298018;1f609310-b4ed-45d3-b2e6-a2fefb25bb04;38d7caf7-7b9e-48c5-be77-09738fd8bd90
Brøndbyvestervej 152, st. tv , 2605 Brøndby;0a3f50a3-4dfb-32b8-e044-0003ba298018;0b92bc8a-d595-48bb-8968-6bb3042fc900;38d7caf7-7b9e-48c5-be77-09738fd8bd90
Brøndbyvestervej 152, st. mf , 2605 Brøndby;0a3f50a3-4df9-32b8-e044-0003ba298018;c360f507-4689-4531-ab9e-fbd8cdc06e6b;38d7caf7-7b9e-48c5-be77-09738fd8bd90
Brøndbyvestervej 152, st. th , 2605 Brøndby;0a3f50a3-4dfa-32b8-e044-0003ba298018;9111d2dc-396d-4259-a84f-06ef0d4bb3c3;38d7caf7-7b9e-48c5-be77-09738fd8bd90
Brøndbyvestervej 152, 1. tv , 2605 Brøndby;0a3f50a3-4dfe-32b8-e044-0003ba298018;07f77001-5899-44ec-9f70-1690c648254a;38d7caf7-7b9e-48c5-be77-09738fd8bd90
Brøndbyvestervej 152, 1. mf , 2605 Brøndby;0a3f50a3-4dfc-32b8-e044-0003ba298018;40773f80-6ef2-41e4-8c28-06e66241542c;38d7caf7-7b9e-48c5-be77-09738fd8bd90
Brøndbyvestervej 152, 1. th , 2605 Brøndby;0a3f50a3-4dfd-32b8-e044-0003ba298018;d1fefc84-c448-4ac2-b8e3-1408c61df914;38d7caf7-7b9e-48c5-be77-09738fd8bd90
Brøndbyvestervej 152, 2. tv , 2605 Brøndby;0a3f50a3-4e01-32b8-e044-0003ba298018;e903ce04-8e5d-4d41-8c31-d8866fa5513b;38d7caf7-7b9e-48c5-be77-09738fd8bd90
Brøndbyvestervej 152, 2. mf , 2605 Brøndby;0a3f50a3-4dff-32b8-e044-0003ba298018;bcd3db80-55ca-429d-824d-6e82aff77b30;38d7caf7-7b9e-48c5-be77-09738fd8bd90
Brøndbyvestervej 152, 2. th , 2605 Brøndby;0a3f50a3-4e00-32b8-e044-0003ba298018;11dbbecd-dd76-4be6-af72-815c08169dfa;38d7caf7-7b9e-48c5-be77-09738fd8bd90
Falkemosen 10, st. tv , 2605 Brøndby;0a3f50a3-554b-32b8-e044-0003ba298018;93914586-fabf-4bd5-a14d-a6c34b56a875;20280b55-b28b-4ecf-ba81-6e786215d8ca
Falkemosen 10, st. th , 2605 Brøndby;0a3f50a3-554a-32b8-e044-0003ba298018;bb2f4ba6-b299-4c96-aad9-9ce6812e89b1;20280b55-b28b-4ecf-ba81-6e786215d8ca
Falkemosen 10, 1. tv , 2605 Brøndby;0a3f50a3-554d-32b8-e044-0003ba298018;89a7c33c-3e53-4026-a605-d8fddd8ae1de;20280b55-b28b-4ecf-ba81-6e786215d8ca
Falkemosen 10, 1. th , 2605 Brøndby;0a3f50a3-554c-32b8-e044-0003ba298018;75f92492-bdb5-44ba-b7d5-0cd1c0ccd034;20280b55-b28b-4ecf-ba81-6e786215d8ca
Falkemosen 10, 2. tv , 2605 Brøndby;0a3f50a3-554f-32b8-e044-0003ba298018;49933e47-3507-4c61-96b8-94b41bf0147a;20280b55-b28b-4ecf-ba81-6e786215d8ca
Falkemosen 10, 2. th , 2605 Brøndby;0a3f50a3-554e-32b8-e044-0003ba298018;8bbfa1e8-8c5d-4b9c-8c8d-6a1a716f616b;20280b55-b28b-4ecf-ba81-6e786215d8ca
Falkemosen 12, st. tv , 2605 Brøndby;0a3f50a3-5551-32b8-e044-0003ba298018;81d26999-72b6-4dbb-93f7-1855a29e7525;20280b55-b28b-4ecf-ba81-6e786215d8ca
Falkemosen 12, st. th , 2605 Brøndby;0a3f50a3-5550-32b8-e044-0003ba298018;9a56cfda-fe35-4acd-b5b6-99c2222df404;20280b55-b28b-4ecf-ba81-6e786215d8ca
Falkemosen 12, 1. tv , 2605 Brøndby;0a3f50a3-5553-32b8-e044-0003ba298018;78b32f5b-9f28-4b59-886a-9b5900fe97df;20280b55-b28b-4ecf-ba81-6e786215d8ca
Falkemosen 12, 1. th , 2605 Brøndby;0a3f50a3-5552-32b8-e044-0003ba298018;8fa98ee0-3f90-4e3e-bdbf-a9ddc18550bf;20280b55-b28b-4ecf-ba81-6e786215d8ca
Falkemosen 12, 2. tv , 2605 Brøndby;0a3f50a3-5555-32b8-e044-0003ba298018;9353cbc5-5e04-4ce6-8af4-db896e5f8f15;20280b55-b28b-4ecf-ba81-6e786215d8ca
Falkemosen 12, 2. th , 2605 Brøndby;0a3f50a3-5554-32b8-e044-0003ba298018;481348f7-9ac5-4cb5-b78a-3ec40a3c430a;20280b55-b28b-4ecf-ba81-6e786215d8ca
Falkemosen 14, st. tv , 2605 Brøndby;0a3f50a3-5557-32b8-e044-0003ba298018;3348aca5-2a53-4e27-b826-2447c3e03088;20280b55-b28b-4ecf-ba81-6e786215d8ca
Falkemosen 14, st. th , 2605 Brøndby;0a3f50a3-5556-32b8-e044-0003ba298018;f5ca1875-f42e-4bbb-bd0a-f4406bba5755;20280b55-b28b-4ecf-ba81-6e786215d8ca
Falkemosen 14, 1. tv , 2605 Brøndby;0a3f50a3-5559-32b8-e044-0003ba298018;22ab7dd7-2eec-43d9-90b7-79a44bc40ac7;20280b55-b28b-4ecf-ba81-6e786215d8ca
Falkemosen 14, 1. th , 2605 Brøndby;0a3f50a3-5558-32b8-e044-0003ba298018;5c32f24b-b937-497c-af4a-07e2954c0d6c;20280b55-b28b-4ecf-ba81-6e786215d8ca
Falkemosen 14, 2. tv , 2605 Brøndby;0a3f50a3-555b-32b8-e044-0003ba298018;5d72cbf3-0c5f-4d9c-8793-11943a8eb82b;20280b55-b28b-4ecf-ba81-6e786215d8ca
Falkemosen 14, 2. th , 2605 Brøndby;0a3f50a3-555a-32b8-e044-0003ba298018;a1b1c620-9671-4bd0-9ef8-f0ef58048386;20280b55-b28b-4ecf-ba81-6e786215d8ca
Falkemosen 16, st. tv , 2605 Brøndby;0a3f50a3-555d-32b8-e044-0003ba298018;70f6eba2-2040-4da6-9f9c-68e3cc6fd9aa;20280b55-b28b-4ecf-ba81-6e786215d8ca
Falkemosen 16, st. th , 2605 Brøndby;0a3f50a3-555c-32b8-e044-0003ba298018;ee37e909-0caf-4744-88b8-697711650b27;20280b55-b28b-4ecf-ba81-6e786215d8ca
Falkemosen 16, 1. tv , 2605 Brøndby;0a3f50a3-555f-32b8-e044-0003ba298018;d37da761-5a00-4356-848a-a49845d5eb5c;20280b55-b28b-4ecf-ba81-6e786215d8ca
Falkemosen 16, 1. th , 2605 Brøndby;0a3f50a3-555e-32b8-e044-0003ba298018;4fa7fbc2-d4f0-4abb-bd50-4fe55d6a65f6;20280b55-b28b-4ecf-ba81-6e786215d8ca
Falkemosen 16, 2. tv , 2605 Brøndby;0a3f50a3-5561-32b8-e044-0003ba298018;70c51a7d-4956-4204-9a7b-1709f4b49bfd;20280b55-b28b-4ecf-ba81-6e786215d8ca
Falkemosen 16, 2. th , 2605 Brøndby;0a3f50a3-5560-32b8-e044-0003ba298018;f4cdf9b4-0991-4212-99e4-b00c454bb5ed;20280b55-b28b-4ecf-ba81-6e786215d8ca
Falkemosen 2, st. tv , 2605 Brøndby;0a3f50a3-5530-32b8-e044-0003ba298018;7ccc6e06-3d81-44d1-85f5-284bc5b59104;4b5d6fb9-d8c3-45ee-b747-f42f7901b6f5
Falkemosen 2, st. th , 2605 Brøndby;0a3f50a3-552f-32b8-e044-0003ba298018;912da48f-1e77-4c6c-a43c-c85c80be9a37;4b5d6fb9-d8c3-45ee-b747-f42f7901b6f5
Falkemosen 2, 1. tv , 2605 Brøndby;0a3f50a3-5532-32b8-e044-0003ba298018;eedb5674-c9c3-4a1a-9da5-8a1a1f40a0a6;4b5d6fb9-d8c3-45ee-b747-f42f7901b6f5
Falkemosen 2, 1. th , 2605 Brøndby;0a3f50a3-5531-32b8-e044-0003ba298018;6be05ec4-82d9-48d8-afbc-fef640a9c7b6;4b5d6fb9-d8c3-45ee-b747-f42f7901b6f5
Falkemosen 2, 2. tv , 2605 Brøndby;0a3f50a3-5534-32b8-e044-0003ba298018;f5bfaee4-b4a7-4aee-83c4-5dfa66bfca5e;4b5d6fb9-d8c3-45ee-b747-f42f7901b6f5
Falkemosen 2, 2. th , 2605 Brøndby;0a3f50a3-5533-32b8-e044-0003ba298018;ee75789f-e587-4dc0-8357-dde5264023ff;4b5d6fb9-d8c3-45ee-b747-f42f7901b6f5
Falkemosen 4, st. tv , 2605 Brøndby;0a3f50a3-5536-32b8-e044-0003ba298018;6c5a4004-ae56-4832-a19f-3e5175949889;4b5d6fb9-d8c3-45ee-b747-f42f7901b6f5
Falkemosen 4, st. th , 2605 Brøndby;0a3f50a3-5535-32b8-e044-0003ba298018;671affd6-a53f-4657-ba81-8825864ef397;4b5d6fb9-d8c3-45ee-b747-f42f7901b6f5
Falkemosen 4, 1. tv , 2605 Brøndby;0a3f50a3-5538-32b8-e044-0003ba298018;d460a4b0-d891-4564-a89e-8dbbb53f0598;4b5d6fb9-d8c3-45ee-b747-f42f7901b6f5
Falkemosen 4, 1. th , 2605 Brøndby;0a3f50a3-5537-32b8-e044-0003ba298018;492f008c-8ebc-4637-bbc4-3e3bed74d51f;4b5d6fb9-d8c3-45ee-b747-f42f7901b6f5
Falkemosen 4, 2. tv , 2605 Brøndby;0a3f50a3-553a-32b8-e044-0003ba298018;8678b283-d9b3-49b0-b5af-5d978e9ce296;4b5d6fb9-d8c3-45ee-b747-f42f7901b6f5
Falkemosen 4, 2. th , 2605 Brøndby;0a3f50a3-5539-32b8-e044-0003ba298018;ef2793e0-ae2c-4f85-95db-a833e2bcd38d;4b5d6fb9-d8c3-45ee-b747-f42f7901b6f5
Falkemosen 6, st. tv , 2605 Brøndby;0a3f50a3-553c-32b8-e044-0003ba298018;43ed93f6-2335-4790-a01c-d14b652818eb;4b5d6fb9-d8c3-45ee-b747-f42f7901b6f5
Falkemosen 6, st. th , 2605 Brøndby;0a3f50a3-553b-32b8-e044-0003ba298018;c97312a2-edce-4306-82d8-05ea8642e79d;4b5d6fb9-d8c3-45ee-b747-f42f7901b6f5
Falkemosen 6, 1. tv , 2605 Brøndby;0a3f50a3-553e-32b8-e044-0003ba298018;d78a00a8-7b57-465d-8cfc-4f66d2a2a0e0;4b5d6fb9-d8c3-45ee-b747-f42f7901b6f5
Falkemosen 6, 1. th , 2605 Brøndby;0a3f50a3-553d-32b8-e044-0003ba298018;0b7462e7-751a-43e5-ac95-41ff498d4132;4b5d6fb9-d8c3-45ee-b747-f42f7901b6f5
Falkemosen 6, 2. tv , 2605 Brøndby;0a3f50a3-5540-32b8-e044-0003ba298018;d26987dd-1578-4ed0-8242-431998a6361a;4b5d6fb9-d8c3-45ee-b747-f42f7901b6f5
Falkemosen 6, 2. th , 2605 Brøndby;0a3f50a3-553f-32b8-e044-0003ba298018;33a831c9-1260-4358-ba06-05bd9f348612;4b5d6fb9-d8c3-45ee-b747-f42f7901b6f5
Falkemosen 8, 2. tv , 2605 Brøndby;0a3f50a3-5549-32b8-e044-0003ba298018;93a0fda7-f57a-41d3-b4df-43c6362d3b67;4b5d6fb9-d8c3-45ee-b747-f42f7901b6f5
Falkemosen 8, 2. mf , 2605 Brøndby;0a3f50a3-5547-32b8-e044-0003ba298018;32406fc4-d34a-41a2-8ae0-cec13395ee58;4b5d6fb9-d8c3-45ee-b747-f42f7901b6f5
Falkemosen 8, st. tv , 2605 Brøndby;0a3f50a3-5543-32b8-e044-0003ba298018;2dad6e66-9ae9-403a-a9d0-f60ab37f67de;4b5d6fb9-d8c3-45ee-b747-f42f7901b6f5
Falkemosen 8, st. mf , 2605 Brøndby;0a3f50a3-5541-32b8-e044-0003ba298018;3e6cb4ab-1c2b-4f6c-82f9-f62b9694e84b;4b5d6fb9-d8c3-45ee-b747-f42f7901b6f5
Falkemosen 8, st. th , 2605 Brøndby;0a3f50a3-5542-32b8-e044-0003ba298018;4f511157-b513-4edb-b003-93ee118b2c84;4b5d6fb9-d8c3-45ee-b747-f42f7901b6f5
Falkemosen 8, 1. tv , 2605 Brøndby;0a3f50a3-5546-32b8-e044-0003ba298018;e89c8235-5723-4ad4-9a4c-7a7e3dc42da4;4b5d6fb9-d8c3-45ee-b747-f42f7901b6f5
Falkemosen 8, 1. mf , 2605 Brøndby;0a3f50a3-5544-32b8-e044-0003ba298018;8e1ed563-64df-40c2-b4b0-58872e3365a1;4b5d6fb9-d8c3-45ee-b747-f42f7901b6f5
Falkemosen 8, 1. th , 2605 Brøndby;0a3f50a3-5545-32b8-e044-0003ba298018;d63a0637-31ea-4d26-b0fe-338362ac9326;4b5d6fb9-d8c3-45ee-b747-f42f7901b6f5
Falkemosen 8, 2. th , 2605 Brøndby;0a3f50a3-5548-32b8-e044-0003ba298018;752cf626-0cbc-460d-aa0f-46467d0e7909;4b5d6fb9-d8c3-45ee-b747-f42f7901b6f5
Ørnemosen 11, st. tv , 2605 Brøndby;0a3f50a3-8022-32b8-e044-0003ba298018;3ff515d2-8251-4346-a0c9-5e887b0a8ccd;8cb975a2-489e-4785-966d-dfec4f44f81c
Ørnemosen 11, st. th , 2605 Brøndby;0a3f50a3-8021-32b8-e044-0003ba298018;73cff081-61bd-48d0-a593-35c20cd7927e;8cb975a2-489e-4785-966d-dfec4f44f81c
Ørnemosen 11, 1. tv , 2605 Brøndby;0a3f50a3-8024-32b8-e044-0003ba298018;066d8c13-2867-468f-a6a3-eed5b1015cde;8cb975a2-489e-4785-966d-dfec4f44f81c
Ørnemosen 11, 1. th , 2605 Brøndby;0a3f50a3-8023-32b8-e044-0003ba298018;007823a4-867b-4da1-b16b-9eec95326d7d;8cb975a2-489e-4785-966d-dfec4f44f81c
Ørnemosen 11, 2. tv , 2605 Brøndby;0a3f50a3-8026-32b8-e044-0003ba298018;90019149-d6b1-4ef1-8841-6671035a07ef;8cb975a2-489e-4785-966d-dfec4f44f81c
Ørnemosen 11, 2. th , 2605 Brøndby;0a3f50a3-8025-32b8-e044-0003ba298018;a6162274-3c83-42dd-acba-3312095a2feb;8cb975a2-489e-4785-966d-dfec4f44f81c
Ørnemosen 13, st. tv , 2605 Brøndby;0a3f50a3-8028-32b8-e044-0003ba298018;c67d72c5-2546-447f-85bf-b4b5f783f161;8cb975a2-489e-4785-966d-dfec4f44f81c
Ørnemosen 13, st. th , 2605 Brøndby;0a3f50a3-8027-32b8-e044-0003ba298018;5f90669c-a43e-40e2-b555-79beb48bf0a3;8cb975a2-489e-4785-966d-dfec4f44f81c
Ørnemosen 13, 1. tv , 2605 Brøndby;0a3f50a3-802a-32b8-e044-0003ba298018;1e8d7bdd-8a51-4415-835c-1ecb8efb12e9;8cb975a2-489e-4785-966d-dfec4f44f81c
Ørnemosen 13, 1. th , 2605 Brøndby;0a3f50a3-8029-32b8-e044-0003ba298018;98426ba9-107d-4c09-bc78-bfea1d398c5c;8cb975a2-489e-4785-966d-dfec4f44f81c
Ørnemosen 13, 2. tv , 2605 Brøndby;0a3f50a3-802c-32b8-e044-0003ba298018;988bd3cf-07ee-4ed6-827a-5cb6747a2731;8cb975a2-489e-4785-966d-dfec4f44f81c
Ørnemosen 13, 2. th , 2605 Brøndby;0a3f50a3-802b-32b8-e044-0003ba298018;26457ddd-7f51-4b87-a7f3-e6773ef62716;8cb975a2-489e-4785-966d-dfec4f44f81c
Ørnemosen 9, st. tv , 2605 Brøndby;0a3f50a3-801c-32b8-e044-0003ba298018;a478ba56-d52e-4bb9-aaa0-f96f7537b2d8;8cb975a2-489e-4785-966d-dfec4f44f81c
Ørnemosen 9, st. th , 2605 Brøndby;0a3f50a3-801b-32b8-e044-0003ba298018;49ce4307-5b26-485b-86af-7abaee140078;8cb975a2-489e-4785-966d-dfec4f44f81c
Ørnemosen 9, 1. tv , 2605 Brøndby;0a3f50a3-801e-32b8-e044-0003ba298018;909945fb-2bae-44b6-aa41-9ba58ba6dd74;8cb975a2-489e-4785-966d-dfec4f44f81c
Ørnemosen 9, 1. th , 2605 Brøndby;0a3f50a3-801d-32b8-e044-0003ba298018;9efa8761-7488-4e2d-9e20-1710c38f3020;8cb975a2-489e-4785-966d-dfec4f44f81c
Ørnemosen 9, 2. tv , 2605 Brøndby;0a3f50a3-8020-32b8-e044-0003ba298018;168532d5-367a-424b-80cf-038754593931;8cb975a2-489e-4785-966d-dfec4f44f81c
Ørnemosen 9, 2. th , 2605 Brøndby;0a3f50a3-801f-32b8-e044-0003ba298018;cd52893b-9010-4b62-9b90-b3118f3756ac;8cb975a2-489e-4785-966d-dfec4f44f81c
Glentemosen 22, st. tv , 2605 Brøndby;0a3f50a3-5b33-32b8-e044-0003ba298018;537c7be9-b4e8-4598-a846-d5e4a642b787;af69cf69-ea77-4cb6-a0f4-f1f9a7608e79
Glentemosen 22, st. th , 2605 Brøndby;0a3f50a3-5b32-32b8-e044-0003ba298018;edd72284-d0c9-4a1b-ad1a-3fa01c9dea04;af69cf69-ea77-4cb6-a0f4-f1f9a7608e79
Glentemosen 22, 1. tv , 2605 Brøndby;0a3f50a3-5b35-32b8-e044-0003ba298018;0bf08819-5f6e-4cc5-ba96-96b40ca7b0e4;af69cf69-ea77-4cb6-a0f4-f1f9a7608e79
Glentemosen 22, 1. th , 2605 Brøndby;0a3f50a3-5b34-32b8-e044-0003ba298018;7f360b97-6300-4683-b97d-0d8ba59da775;af69cf69-ea77-4cb6-a0f4-f1f9a7608e79
Glentemosen 22, 2. tv , 2605 Brøndby;0a3f50a3-5b37-32b8-e044-0003ba298018;2003b517-47b6-4efe-b9e9-813601f256e6;af69cf69-ea77-4cb6-a0f4-f1f9a7608e79
Glentemosen 22, 2. th , 2605 Brøndby;0a3f50a3-5b36-32b8-e044-0003ba298018;9f685fdf-baf2-4468-9aad-6cbe918d84db;af69cf69-ea77-4cb6-a0f4-f1f9a7608e79
Glentemosen 24, st. tv , 2605 Brøndby;0a3f50a3-5b39-32b8-e044-0003ba298018;183a0172-9ae3-4624-befc-93e023f965d1;af69cf69-ea77-4cb6-a0f4-f1f9a7608e79
Glentemosen 24, st. th , 2605 Brøndby;0a3f50a3-5b38-32b8-e044-0003ba298018;4dca7341-f6f2-4622-9cf7-2cc673a896e5;af69cf69-ea77-4cb6-a0f4-f1f9a7608e79
Glentemosen 24, 1. tv , 2605 Brøndby;0a3f50a3-5b3b-32b8-e044-0003ba298018;e74e63ad-19cb-4557-8324-25ae520944c1;af69cf69-ea77-4cb6-a0f4-f1f9a7608e79
Glentemosen 24, 1. th , 2605 Brøndby;0a3f50a3-5b3a-32b8-e044-0003ba298018;be2a76e2-d1f7-4c6e-8f46-2eaccf510e39;af69cf69-ea77-4cb6-a0f4-f1f9a7608e79
Glentemosen 24, 2. tv , 2605 Brøndby;0a3f50a3-5b3d-32b8-e044-0003ba298018;fe2514a4-d097-4afb-9f0d-6a36146966b3;af69cf69-ea77-4cb6-a0f4-f1f9a7608e79
Glentemosen 24, 2. th , 2605 Brøndby;0a3f50a3-5b3c-32b8-e044-0003ba298018;1890de98-3c2e-41e5-8419-e7f054939ad8;af69cf69-ea77-4cb6-a0f4-f1f9a7608e79
Glentemosen 26, st. tv , 2605 Brøndby;0a3f50a3-5b40-32b8-e044-0003ba298018;ccf075aa-5218-4f47-b164-3eeea5d5937b;af69cf69-ea77-4cb6-a0f4-f1f9a7608e79
Glentemosen 26, st. mf , 2605 Brøndby;0a3f50a3-5b3e-32b8-e044-0003ba298018;1b302b72-af2a-4abd-aba6-642ebe159fd9;af69cf69-ea77-4cb6-a0f4-f1f9a7608e79
Glentemosen 26, st. th , 2605 Brøndby;0a3f50a3-5b3f-32b8-e044-0003ba298018;0c93bc5d-81d4-4d40-aba3-e5c77aa18b71;af69cf69-ea77-4cb6-a0f4-f1f9a7608e79
Glentemosen 26, 1. tv , 2605 Brøndby;0a3f50a3-5b43-32b8-e044-0003ba298018;df19f7f4-1e9a-4d19-addf-ff465861459d;af69cf69-ea77-4cb6-a0f4-f1f9a7608e79
Glentemosen 26, 1. mf , 2605 Brøndby;0a3f50a3-5b41-32b8-e044-0003ba298018;3a1fa8a4-1cb6-4dc9-aa25-7006b52456b6;af69cf69-ea77-4cb6-a0f4-f1f9a7608e79
Glentemosen 26, 1. th , 2605 Brøndby;0a3f50a3-5b42-32b8-e044-0003ba298018;94f76aa1-232f-49b6-8ca3-aa1a89191493;af69cf69-ea77-4cb6-a0f4-f1f9a7608e79
Glentemosen 26, 2. tv , 2605 Brøndby;0a3f50a3-5b46-32b8-e044-0003ba298018;6ac1727b-f4b2-4ac7-91fa-c5ccdbb92187;af69cf69-ea77-4cb6-a0f4-f1f9a7608e79
Glentemosen 26, 2. mf , 2605 Brøndby;0a3f50a3-5b44-32b8-e044-0003ba298018;0e80f230-aaf3-443c-b67c-b7469e18f5da;af69cf69-ea77-4cb6-a0f4-f1f9a7608e79
Glentemosen 26, 2. th , 2605 Brøndby;0a3f50a3-5b45-32b8-e044-0003ba298018;57007226-e8f8-4b02-8bd2-4d64fcebcdd3;af69cf69-ea77-4cb6-a0f4-f1f9a7608e79
Glentemosen 16, st. tv , 2605 Brøndby;0a3f50a3-5b21-32b8-e044-0003ba298018;93181f84-bbb7-4666-bc8e-d38390b6e9ea;2c091d33-7381-4158-b6d6-dc8222009699
Glentemosen 16, st. th , 2605 Brøndby;0a3f50a3-5b20-32b8-e044-0003ba298018;062bec50-7022-44f8-b161-5344f0a11eef;2c091d33-7381-4158-b6d6-dc8222009699
Glentemosen 16, 1. tv , 2605 Brøndby;0a3f50a3-5b23-32b8-e044-0003ba298018;1855c181-3690-4d44-a7bc-f5974b68e5a8;2c091d33-7381-4158-b6d6-dc8222009699
Glentemosen 16, 1. th , 2605 Brøndby;0a3f50a3-5b22-32b8-e044-0003ba298018;4fe7f220-accf-4d5f-9e0a-83185f95044e;2c091d33-7381-4158-b6d6-dc8222009699
Glentemosen 16, 2. tv , 2605 Brøndby;0a3f50a3-5b25-32b8-e044-0003ba298018;6f9fe68f-cce1-42cf-bc05-bb294e1aa797;2c091d33-7381-4158-b6d6-dc8222009699
Glentemosen 16, 2. th , 2605 Brøndby;0a3f50a3-5b24-32b8-e044-0003ba298018;78b9f2a3-fe20-4d5b-8b4a-abee63518351;2c091d33-7381-4158-b6d6-dc8222009699
Glentemosen 18, st. tv , 2605 Brøndby;0a3f50a3-5b27-32b8-e044-0003ba298018;e2aa2b55-fc8e-461f-a35a-5c4c7baff44c;2c091d33-7381-4158-b6d6-dc8222009699
Glentemosen 18, st. th , 2605 Brøndby;0a3f50a3-5b26-32b8-e044-0003ba298018;37713af2-d20f-4e80-a641-1fae7beedc57;2c091d33-7381-4158-b6d6-dc8222009699
Glentemosen 18, 1. tv , 2605 Brøndby;0a3f50a3-5b29-32b8-e044-0003ba298018;49d8945f-862c-4c54-a77b-e875f5ab0329;2c091d33-7381-4158-b6d6-dc8222009699
Glentemosen 18, 1. th , 2605 Brøndby;0a3f50a3-5b28-32b8-e044-0003ba298018;193a9cf4-40b7-4653-bc5e-4bba3672ae61;2c091d33-7381-4158-b6d6-dc8222009699
Glentemosen 18, 2. tv , 2605 Brøndby;0a3f50a3-5b2b-32b8-e044-0003ba298018;12c207b8-7c83-4dcb-aff9-940bf47a2e82;2c091d33-7381-4158-b6d6-dc8222009699
Glentemosen 18, 2. th , 2605 Brøndby;0a3f50a3-5b2a-32b8-e044-0003ba298018;cf96e9f1-e700-4004-b562-83216d8e02ad;2c091d33-7381-4158-b6d6-dc8222009699
Glentemosen 20, st. tv , 2605 Brøndby;0a3f50a3-5b2d-32b8-e044-0003ba298018;36cb4178-8f83-4d9a-a20c-4e866b2935f0;2c091d33-7381-4158-b6d6-dc8222009699
Glentemosen 20, st. th , 2605 Brøndby;0a3f50a3-5b2c-32b8-e044-0003ba298018;113f936f-1774-41d8-962b-3cd0e7a1000d;2c091d33-7381-4158-b6d6-dc8222009699
Glentemosen 20, 1. tv , 2605 Brøndby;0a3f50a3-5b2f-32b8-e044-0003ba298018;5707703c-2b33-4ee5-9f61-90f02b052c81;2c091d33-7381-4158-b6d6-dc8222009699
Glentemosen 20, 1. th , 2605 Brøndby;0a3f50a3-5b2e-32b8-e044-0003ba298018;e42a38b4-d07a-4197-9f00-53b8ade88b85;2c091d33-7381-4158-b6d6-dc8222009699
Glentemosen 20, 2. tv , 2605 Brøndby;0a3f50a3-5b31-32b8-e044-0003ba298018;59486231-cd4a-4579-ab68-c08377228f20;2c091d33-7381-4158-b6d6-dc8222009699
Glentemosen 20, 2. th , 2605 Brøndby;0a3f50a3-5b30-32b8-e044-0003ba298018;09bcf23a-442a-4bcd-986e-4a167691dbcd;2c091d33-7381-4158-b6d6-dc8222009699
Glentemosen 10, st. tv , 2605 Brøndby;0a3f50a3-5b0b-32b8-e044-0003ba298018;fc6ebcf2-f8b3-42e4-82ad-0c533bf034f6;eff8e890-0934-455e-8b95-ba3ea5276c01
Glentemosen 10, st. th , 2605 Brøndby;0a3f50a3-5b0a-32b8-e044-0003ba298018;8b424e98-855d-4206-af83-dd92aeeaa9eb;eff8e890-0934-455e-8b95-ba3ea5276c01
Glentemosen 10, 1. tv , 2605 Brøndby;0a3f50a3-5b0d-32b8-e044-0003ba298018;af54604a-973e-4b6c-8a99-e4bc33b25ef7;eff8e890-0934-455e-8b95-ba3ea5276c01
Glentemosen 10, 1. th , 2605 Brøndby;0a3f50a3-5b0c-32b8-e044-0003ba298018;470d5a82-ed07-437d-997e-f055705f6980;eff8e890-0934-455e-8b95-ba3ea5276c01
Glentemosen 10, 2. tv , 2605 Brøndby;0a3f50a3-5b0f-32b8-e044-0003ba298018;122c4d32-d5a5-42c7-814e-695a8182ae19;eff8e890-0934-455e-8b95-ba3ea5276c01
Glentemosen 10, 2. th , 2605 Brøndby;0a3f50a3-5b0e-32b8-e044-0003ba298018;d33ef183-358f-4df1-b583-411b04a5233e;eff8e890-0934-455e-8b95-ba3ea5276c01
Glentemosen 12, st. tv , 2605 Brøndby;0a3f50a3-5b12-32b8-e044-0003ba298018;86fed718-10c4-4ed2-a556-531660dbf28c;eff8e890-0934-455e-8b95-ba3ea5276c01
Glentemosen 12, st. th , 2605 Brøndby;0a3f50a3-5b11-32b8-e044-0003ba298018;eb145758-9257-4abe-bbc0-a661f8f1d0b2;eff8e890-0934-455e-8b95-ba3ea5276c01
Glentemosen 12, 1. tv , 2605 Brøndby;0a3f50a3-5b14-32b8-e044-0003ba298018;d500bc1f-053c-493f-8bd9-a4e7f4e6ce3c;eff8e890-0934-455e-8b95-ba3ea5276c01
Glentemosen 12, 1. th , 2605 Brøndby;0a3f50a3-5b13-32b8-e044-0003ba298018;01bce8cc-b69f-4288-8594-f8fb7b78bfbd;eff8e890-0934-455e-8b95-ba3ea5276c01
Glentemosen 12, 2. tv , 2605 Brøndby;0a3f50a3-5b16-32b8-e044-0003ba298018;f174dbdb-e1d3-4175-8751-9c707b35beff;eff8e890-0934-455e-8b95-ba3ea5276c01
Glentemosen 12, 2. th , 2605 Brøndby;0a3f50a3-5b15-32b8-e044-0003ba298018;9dda9521-6ab7-4643-8d56-1cadcc5d5eeb;eff8e890-0934-455e-8b95-ba3ea5276c01
Glentemosen 14, st. tv , 2605 Brøndby;0a3f50a3-5b19-32b8-e044-0003ba298018;355cf3d0-6706-4413-851e-ba2aa661421a;eff8e890-0934-455e-8b95-ba3ea5276c01
Glentemosen 14, st. mf , 2605 Brøndby;0a3f50a3-5b17-32b8-e044-0003ba298018;973da4fd-b415-4042-bf28-573e83f110d6;eff8e890-0934-455e-8b95-ba3ea5276c01
Glentemosen 14, st. th , 2605 Brøndby;0a3f50a3-5b18-32b8-e044-0003ba298018;1a70d30a-facc-4492-853a-76514f878669;eff8e890-0934-455e-8b95-ba3ea5276c01
Glentemosen 14, 1. tv , 2605 Brøndby;0a3f50a3-5b1c-32b8-e044-0003ba298018;e1b257b2-8432-49ba-b459-e4e2c5aa5861;eff8e890-0934-455e-8b95-ba3ea5276c01
Glentemosen 14, 1. mf , 2605 Brøndby;0a3f50a3-5b1a-32b8-e044-0003ba298018;15352bbe-9e16-486c-a61d-6fb6a5a09815;eff8e890-0934-455e-8b95-ba3ea5276c01
Glentemosen 14, 1. th , 2605 Brøndby;0a3f50a3-5b1b-32b8-e044-0003ba298018;336c1efc-b098-4724-8307-d2d34c406ced;eff8e890-0934-455e-8b95-ba3ea5276c01
Glentemosen 14, 2. tv , 2605 Brøndby;0a3f50a3-5b1f-32b8-e044-0003ba298018;14db0d7c-ed0a-46bb-a91c-24aeb4389d2d;eff8e890-0934-455e-8b95-ba3ea5276c01
Glentemosen 14, 2. mf , 2605 Brøndby;0a3f50a3-5b1d-32b8-e044-0003ba298018;b2718b68-5db2-4acf-bc92-3ba9bfd9c727;eff8e890-0934-455e-8b95-ba3ea5276c01
Glentemosen 14, 2. th , 2605 Brøndby;0a3f50a3-5b1e-32b8-e044-0003ba298018;634072a0-a815-4e13-bffb-09601920be35;eff8e890-0934-455e-8b95-ba3ea5276c01
Glentemosen 8, 2. th , 2605 Brøndby;0a3f50a3-5b08-32b8-e044-0003ba298018;2b97c13d-ab20-4729-8dd1-ecea78a9ddbc;eff8e890-0934-455e-8b95-ba3ea5276c01
Glentemosen 8, st. tv , 2605 Brøndby;0a3f50a3-5b05-32b8-e044-0003ba298018;ce17ed79-3958-48ba-86d4-5afad0267d62;eff8e890-0934-455e-8b95-ba3ea5276c01
Glentemosen 8, st. th , 2605 Brøndby;0a3f50a3-5b04-32b8-e044-0003ba298018;a46a7ab0-fce0-4100-93b0-f2d68e6087bc;eff8e890-0934-455e-8b95-ba3ea5276c01
Glentemosen 8, 1. tv , 2605 Brøndby;0a3f50a3-5b07-32b8-e044-0003ba298018;078170ca-b09f-4548-8c5f-b844fc73fca9;eff8e890-0934-455e-8b95-ba3ea5276c01
Glentemosen 8, 1. th , 2605 Brøndby;0a3f50a3-5b06-32b8-e044-0003ba298018;b8b101ad-c259-4396-83a8-4a5826586ca0;eff8e890-0934-455e-8b95-ba3ea5276c01
Glentemosen 8, 2. tv , 2605 Brøndby;0a3f50a3-5b09-32b8-e044-0003ba298018;9611aeb2-45b8-46c9-9ae2-0db39966662e;eff8e890-0934-455e-8b95-ba3ea5276c01
Glentemosen 2, st. tv , 2605 Brøndby;0a3f50a3-5ac4-32b8-e044-0003ba298018;149549d3-a8ac-4ef6-8b86-faa404e5eb0d;d01657ad-d459-477f-9221-339e3c506cd7
Glentemosen 2, st. th , 2605 Brøndby;0a3f50a3-5ac3-32b8-e044-0003ba298018;b7fd0e72-7ebe-42bc-904b-fb0169f31ec5;d01657ad-d459-477f-9221-339e3c506cd7
Glentemosen 2, 1. tv , 2605 Brøndby;0a3f50a3-5ac6-32b8-e044-0003ba298018;cd0c45b7-c40c-453b-ae20-8f8dfa919aa8;d01657ad-d459-477f-9221-339e3c506cd7
Glentemosen 2, 1. th , 2605 Brøndby;0a3f50a3-5ac5-32b8-e044-0003ba298018;3ffb414b-ecb5-414a-afbc-0ed43d90b20a;d01657ad-d459-477f-9221-339e3c506cd7
Glentemosen 2, 2. tv , 2605 Brøndby;0a3f50a3-5ac8-32b8-e044-0003ba298018;0544b0b4-13cf-4ede-a174-d476843ba146;d01657ad-d459-477f-9221-339e3c506cd7
Glentemosen 2, 2. th , 2605 Brøndby;0a3f50a3-5ac7-32b8-e044-0003ba298018;ac44a34c-eab8-46e7-9dfd-e2dfe00ba678;d01657ad-d459-477f-9221-339e3c506cd7
Glentemosen 4, st. tv , 2605 Brøndby;0a3f50a3-5aca-32b8-e044-0003ba298018;d964ddc4-cd3d-4caf-b822-c034e2d9be0f;d01657ad-d459-477f-9221-339e3c506cd7
Glentemosen 4, st. th , 2605 Brøndby;0a3f50a3-5ac9-32b8-e044-0003ba298018;fa924697-4074-45e5-a94c-09bf314511c4;d01657ad-d459-477f-9221-339e3c506cd7
Glentemosen 4, 1. tv , 2605 Brøndby;0a3f50a3-5acc-32b8-e044-0003ba298018;7f294423-a142-4237-81df-cc7403d2c679;d01657ad-d459-477f-9221-339e3c506cd7
Glentemosen 4, 1. th , 2605 Brøndby;0a3f50a3-5acb-32b8-e044-0003ba298018;7eef56c6-a784-4646-9090-23b7f463b36c;d01657ad-d459-477f-9221-339e3c506cd7
Glentemosen 4, 2. tv , 2605 Brøndby;0a3f50a3-5ace-32b8-e044-0003ba298018;97be0b60-c684-47e5-98b3-fbffe80e45fb;d01657ad-d459-477f-9221-339e3c506cd7
Glentemosen 4, 2. th , 2605 Brøndby;0a3f50a3-5acd-32b8-e044-0003ba298018;8a832f45-6f48-4a77-8856-876d7c5646a2;d01657ad-d459-477f-9221-339e3c506cd7
Glentemosen 6, st. tv , 2605 Brøndby;0a3f50a3-5aff-32b8-e044-0003ba298018;95651514-53be-4648-ba13-9368da096170;d01657ad-d459-477f-9221-339e3c506cd7
Glentemosen 6, st. th , 2605 Brøndby;0a3f50a3-5afe-32b8-e044-0003ba298018;1412bf44-f512-4d09-ba87-235c05aeb57b;d01657ad-d459-477f-9221-339e3c506cd7
Glentemosen 6, 1. tv , 2605 Brøndby;0a3f50a3-5b01-32b8-e044-0003ba298018;841dc920-363a-44d8-b6c2-33ad5d8de19d;d01657ad-d459-477f-9221-339e3c506cd7
Glentemosen 6, 1. th , 2605 Brøndby;0a3f50a3-5b00-32b8-e044-0003ba298018;8ffb266e-24bd-416b-be97-e7c90a20ec6d;d01657ad-d459-477f-9221-339e3c506cd7
Glentemosen 6, 2. tv , 2605 Brøndby;0a3f50a3-5b03-32b8-e044-0003ba298018;9a86cb93-a1d1-49cb-88a2-17dc86a0518b;d01657ad-d459-477f-9221-339e3c506cd7
Glentemosen 6, 2. th , 2605 Brøndby;0a3f50a3-5b02-32b8-e044-0003ba298018;fefd1390-efbd-45ea-aff0-ae04807ff7ca;d01657ad-d459-477f-9221-339e3c506cd7
Rylemosen 1, st. tv , 2605 Brøndby;0a3f50a3-70ef-32b8-e044-0003ba298018;120dc4b4-81c3-4af3-ae71-d573c158c610;61a09444-c22a-4bd4-9860-e3c923b800c2
Rylemosen 1, st. th , 2605 Brøndby;0a3f50a3-70ee-32b8-e044-0003ba298018;96aa0589-ae02-4a40-be3a-91ef6eee813d;61a09444-c22a-4bd4-9860-e3c923b800c2
Rylemosen 1, 1. tv , 2605 Brøndby;0a3f50a3-70f1-32b8-e044-0003ba298018;29cda06e-5f27-474c-bf58-b4cac5c197a5;61a09444-c22a-4bd4-9860-e3c923b800c2
Rylemosen 1, 1. th , 2605 Brøndby;0a3f50a3-70f0-32b8-e044-0003ba298018;3185aa29-6fa4-4f8b-b891-b99a326e7c41;61a09444-c22a-4bd4-9860-e3c923b800c2
Rylemosen 1, 2. tv , 2605 Brøndby;0a3f50a3-70f3-32b8-e044-0003ba298018;e3ef649c-93e8-407d-b475-4ebc899ecb91;61a09444-c22a-4bd4-9860-e3c923b800c2
Rylemosen 1, 2. th , 2605 Brøndby;0a3f50a3-70f2-32b8-e044-0003ba298018;e06e4554-7ba4-41a4-af6a-db39de63d35c;61a09444-c22a-4bd4-9860-e3c923b800c2
Rylemosen 3, st. tv , 2605 Brøndby;0a3f50a3-70fb-32b8-e044-0003ba298018;572def20-379a-43b5-9761-ad3cc621c2ab;61a09444-c22a-4bd4-9860-e3c923b800c2
Rylemosen 3, st. th , 2605 Brøndby;0a3f50a3-70fa-32b8-e044-0003ba298018;429e6245-8212-4e4f-bd85-e51019620cc8;61a09444-c22a-4bd4-9860-e3c923b800c2
Rylemosen 3, 1. tv , 2605 Brøndby;0a3f50a3-70fd-32b8-e044-0003ba298018;97ba5bfb-1141-4df5-8c65-d3a375b70703;61a09444-c22a-4bd4-9860-e3c923b800c2
Rylemosen 3, 1. th , 2605 Brøndby;0a3f50a3-70fc-32b8-e044-0003ba298018;9a9cd1aa-54cf-438e-8b6d-b09695ead442;61a09444-c22a-4bd4-9860-e3c923b800c2
Rylemosen 3, 2. tv , 2605 Brøndby;0a3f50a3-70ff-32b8-e044-0003ba298018;6cd563db-67bb-4265-84e5-8c894cf19f78;61a09444-c22a-4bd4-9860-e3c923b800c2
Rylemosen 3, 2. th , 2605 Brøndby;0a3f50a3-70fe-32b8-e044-0003ba298018;0e08ed88-de72-4277-9445-1348f9d6828f;61a09444-c22a-4bd4-9860-e3c923b800c2
Rylemosen 5, st. tv , 2605 Brøndby;0a3f50a3-7107-32b8-e044-0003ba298018;5817cd67-b859-4e2c-82ed-2cb816d97a6e;61a09444-c22a-4bd4-9860-e3c923b800c2
Rylemosen 5, st. th , 2605 Brøndby;0a3f50a3-7106-32b8-e044-0003ba298018;3c1b2c9a-d748-43aa-a5c0-80c8fc97ef4d;61a09444-c22a-4bd4-9860-e3c923b800c2
Rylemosen 5, 1. tv , 2605 Brøndby;0a3f50a3-7109-32b8-e044-0003ba298018;0b615e4c-0ed3-4be2-bdeb-6fa3750c3ba7;61a09444-c22a-4bd4-9860-e3c923b800c2
Rylemosen 5, 1. th , 2605 Brøndby;0a3f50a3-7108-32b8-e044-0003ba298018;90f45b71-6ccb-4048-a0fe-ce5d0b698066;61a09444-c22a-4bd4-9860-e3c923b800c2
Rylemosen 5, 2. tv , 2605 Brøndby;0a3f50a3-710b-32b8-e044-0003ba298018;5d7b6ee4-d508-4ff2-bb1a-f10a40d65bd7;61a09444-c22a-4bd4-9860-e3c923b800c2
Rylemosen 5, 2. th , 2605 Brøndby;0a3f50a3-710a-32b8-e044-0003ba298018;15ef7e84-0712-4508-93d5-51f796d087b0;61a09444-c22a-4bd4-9860-e3c923b800c2
Høgemosen 2, st. tv , 2605 Brøndby;0a3f50a3-600f-32b8-e044-0003ba298018;f4d4533d-99f8-4cc2-b140-3a1e458d1e21;6d4791b0-554f-4e83-a030-30dc0c520dc9
Høgemosen 2, st. th , 2605 Brøndby;0a3f50a3-600e-32b8-e044-0003ba298018;7512f797-5f9c-4d6a-9d8b-7f93dd2077fb;6d4791b0-554f-4e83-a030-30dc0c520dc9
Høgemosen 2, 1. tv , 2605 Brøndby;0a3f50a3-6011-32b8-e044-0003ba298018;b44d2329-3d1f-49d3-abbd-990ab2f18cde;6d4791b0-554f-4e83-a030-30dc0c520dc9
Høgemosen 2, 1. th , 2605 Brøndby;0a3f50a3-6010-32b8-e044-0003ba298018;dc1db769-0a97-4ae3-ba72-0f4b03ae3181;6d4791b0-554f-4e83-a030-30dc0c520dc9
Høgemosen 2, 2. tv , 2605 Brøndby;0a3f50a3-6013-32b8-e044-0003ba298018;fe0d3887-96a2-4888-9040-d1336bb61bc5;6d4791b0-554f-4e83-a030-30dc0c520dc9
Høgemosen 2, 2. th , 2605 Brøndby;0a3f50a3-6012-32b8-e044-0003ba298018;9178a8b1-8cf9-4fb1-8899-005781ba19bb;6d4791b0-554f-4e83-a030-30dc0c520dc9
Høgemosen 4, st. tv , 2605 Brøndby;0a3f50a3-6015-32b8-e044-0003ba298018;7e13ae24-9d4c-444d-8ccf-5adb19a0ac64;6d4791b0-554f-4e83-a030-30dc0c520dc9
Høgemosen 4, st. th , 2605 Brøndby;0a3f50a3-6014-32b8-e044-0003ba298018;9b1c821e-9262-4d11-bc30-249a31deab86;6d4791b0-554f-4e83-a030-30dc0c520dc9
Høgemosen 4, 1. tv , 2605 Brøndby;0a3f50a3-6017-32b8-e044-0003ba298018;5ae6346d-508d-4c84-a08d-998d97607fda;6d4791b0-554f-4e83-a030-30dc0c520dc9
Høgemosen 4, 1. th , 2605 Brøndby;0a3f50a3-6016-32b8-e044-0003ba298018;c2931961-87d9-48ca-b69c-669c339c4047;6d4791b0-554f-4e83-a030-30dc0c520dc9
Høgemosen 4, 2. tv , 2605 Brøndby;0a3f50a3-6019-32b8-e044-0003ba298018;6268ec41-966e-4ee3-a9a5-7e89f8a00597;6d4791b0-554f-4e83-a030-30dc0c520dc9
Høgemosen 4, 2. th , 2605 Brøndby;0a3f50a3-6018-32b8-e044-0003ba298018;4ecd12ba-27d7-4df8-b471-e0179dc76f1d;6d4791b0-554f-4e83-a030-30dc0c520dc9
Høgemosen 6, st. tv , 2605 Brøndby;0a3f50a3-601b-32b8-e044-0003ba298018;d1c83512-10fe-463d-800c-bad47731a31b;6d4791b0-554f-4e83-a030-30dc0c520dc9
Høgemosen 6, st. th , 2605 Brøndby;0a3f50a3-601a-32b8-e044-0003ba298018;6681879c-3c21-498d-bdba-6443d5d9f6fa;6d4791b0-554f-4e83-a030-30dc0c520dc9
Høgemosen 6, 1. tv , 2605 Brøndby;0a3f50a3-601d-32b8-e044-0003ba298018;7e41b037-3e67-4f7c-8500-1441c0eb179e;6d4791b0-554f-4e83-a030-30dc0c520dc9
Høgemosen 6, 1. th , 2605 Brøndby;0a3f50a3-601c-32b8-e044-0003ba298018;a84d5722-6f6c-486f-ab81-ab021af55d88;6d4791b0-554f-4e83-a030-30dc0c520dc9
Høgemosen 6, 2. tv , 2605 Brøndby;0a3f50a3-601f-32b8-e044-0003ba298018;c56a353c-0f58-4327-aec5-b3ecdf1d6ccf;6d4791b0-554f-4e83-a030-30dc0c520dc9
Høgemosen 6, 2. th , 2605 Brøndby;0a3f50a3-601e-32b8-e044-0003ba298018;90d07487-165d-407c-90e4-b4e27bfcf446;6d4791b0-554f-4e83-a030-30dc0c520dc9
Høgemosen 10, st. tv , 2605 Brøndby;0a3f50a3-6027-32b8-e044-0003ba298018;7a65bd1a-b055-40a8-af79-fbbb9efa12bb;ac1d0cab-679c-42aa-b21f-1d425a9fab2e
Høgemosen 10, st. th , 2605 Brøndby;0a3f50a3-6026-32b8-e044-0003ba298018;6b1e678f-6b64-435f-bafa-49def2e67592;ac1d0cab-679c-42aa-b21f-1d425a9fab2e
Høgemosen 10, 1. tv , 2605 Brøndby;0a3f50a3-6029-32b8-e044-0003ba298018;b6480c39-c32e-4ed4-bb38-a4a9f93d7c10;ac1d0cab-679c-42aa-b21f-1d425a9fab2e
Høgemosen 10, 1. th , 2605 Brøndby;0a3f50a3-6028-32b8-e044-0003ba298018;24386fa3-0e92-45c7-b395-b147b1b378a2;ac1d0cab-679c-42aa-b21f-1d425a9fab2e
Høgemosen 10, 2. tv , 2605 Brøndby;0a3f50a3-602b-32b8-e044-0003ba298018;fbfd6e5d-fcbd-4944-ae1e-1dead9dc92ef;ac1d0cab-679c-42aa-b21f-1d425a9fab2e
Høgemosen 10, 2. th , 2605 Brøndby;0a3f50a3-602a-32b8-e044-0003ba298018;df0aea2b-d7de-4e16-908f-9f47f1c0db0d;ac1d0cab-679c-42aa-b21f-1d425a9fab2e
Høgemosen 12, st. tv , 2605 Brøndby;0a3f50a3-602e-32b8-e044-0003ba298018;392a54e5-32b3-4857-a0b4-36685b73a904;ac1d0cab-679c-42aa-b21f-1d425a9fab2e
Høgemosen 12, st. mf , 2605 Brøndby;0a3f50a3-602c-32b8-e044-0003ba298018;16239bdd-bf11-4f6c-9787-72c19126aae8;ac1d0cab-679c-42aa-b21f-1d425a9fab2e
Høgemosen 12, st. th , 2605 Brøndby;0a3f50a3-602d-32b8-e044-0003ba298018;15516021-6cbc-4bf4-9026-7cfabfc6aff9;ac1d0cab-679c-42aa-b21f-1d425a9fab2e
Høgemosen 12, 1. tv , 2605 Brøndby;0a3f50a3-6031-32b8-e044-0003ba298018;c79aa982-baed-4b11-8f09-558df2a228e9;ac1d0cab-679c-42aa-b21f-1d425a9fab2e
Høgemosen 12, 1. mf , 2605 Brøndby;0a3f50a3-602f-32b8-e044-0003ba298018;e080b00a-d7f6-4786-af8e-bf9797e29ce1;ac1d0cab-679c-42aa-b21f-1d425a9fab2e
Høgemosen 12, 1. th , 2605 Brøndby;0a3f50a3-6030-32b8-e044-0003ba298018;b67756bb-8136-4ce8-ad2a-75b8c066e5cd;ac1d0cab-679c-42aa-b21f-1d425a9fab2e
Høgemosen 12, 2. tv , 2605 Brøndby;0a3f50a3-6034-32b8-e044-0003ba298018;2f1d9e38-fd46-4d34-a1a6-39ea951689f0;ac1d0cab-679c-42aa-b21f-1d425a9fab2e
Høgemosen 12, 2. mf , 2605 Brøndby;0a3f50a3-6032-32b8-e044-0003ba298018;5b3284d6-d551-4141-bb46-fccf20ba8aaf;ac1d0cab-679c-42aa-b21f-1d425a9fab2e
Høgemosen 12, 2. th , 2605 Brøndby;0a3f50a3-6033-32b8-e044-0003ba298018;4c7d8c84-3282-451a-bc87-77bcfec3a1dc;ac1d0cab-679c-42aa-b21f-1d425a9fab2e
Høgemosen 8, st. tv , 2605 Brøndby;0a3f50a3-6021-32b8-e044-0003ba298018;02cd72c0-ac80-4806-a425-df17d76121a4;ac1d0cab-679c-42aa-b21f-1d425a9fab2e
Høgemosen 8, st. th , 2605 Brøndby;0a3f50a3-6020-32b8-e044-0003ba298018;8aa7c854-a2f9-4ccd-a578-0ed1288c1726;ac1d0cab-679c-42aa-b21f-1d425a9fab2e
Høgemosen 8, 1. tv , 2605 Brøndby;0a3f50a3-6023-32b8-e044-0003ba298018;15934e08-b042-42d1-afce-d1234589a225;ac1d0cab-679c-42aa-b21f-1d425a9fab2e
Høgemosen 8, 1. th , 2605 Brøndby;0a3f50a3-6022-32b8-e044-0003ba298018;e1874735-ff92-45a5-be36-cbfc8f72b420;ac1d0cab-679c-42aa-b21f-1d425a9fab2e
Høgemosen 8, 2. tv , 2605 Brøndby;0a3f50a3-6025-32b8-e044-0003ba298018;db747fb0-7d2b-4438-a7c6-af11e63529b6;ac1d0cab-679c-42aa-b21f-1d425a9fab2e
Høgemosen 8, 2. th , 2605 Brøndby;0a3f50a3-6024-32b8-e044-0003ba298018;ac8cb7c8-7663-48ad-8e85-9132bb634b73;ac1d0cab-679c-42aa-b21f-1d425a9fab2e
Rylemosen 2, st. tv , 2605 Brøndby;0a3f50a3-70f5-32b8-e044-0003ba298018;11250d21-eff1-4564-8571-99eb3cc7ce71;86d530d5-aef1-4324-9d0c-02a4e7556403
Rylemosen 2, st. th , 2605 Brøndby;0a3f50a3-70f4-32b8-e044-0003ba298018;442ed900-0a55-4f39-885c-f56bf8345b04;86d530d5-aef1-4324-9d0c-02a4e7556403
Rylemosen 2, 1. tv , 2605 Brøndby;0a3f50a3-70f7-32b8-e044-0003ba298018;62c6e338-c9c5-485a-8f35-b673eaff7f2f;86d530d5-aef1-4324-9d0c-02a4e7556403
Rylemosen 2, 1. th , 2605 Brøndby;0a3f50a3-70f6-32b8-e044-0003ba298018;da65d4d2-e046-49b5-8f49-7ce3f05885b8;86d530d5-aef1-4324-9d0c-02a4e7556403
Rylemosen 2, 2. tv , 2605 Brøndby;0a3f50a3-70f9-32b8-e044-0003ba298018;77547071-698c-4c34-b367-3a33d4e37044;86d530d5-aef1-4324-9d0c-02a4e7556403
Rylemosen 2, 2. th , 2605 Brøndby;0a3f50a3-70f8-32b8-e044-0003ba298018;5fcec89e-65a1-468d-95f5-b450900424f3;86d530d5-aef1-4324-9d0c-02a4e7556403
Rylemosen 4, st. tv , 2605 Brøndby;0a3f50a3-7101-32b8-e044-0003ba298018;bd3789e1-1233-4568-9ec8-3620612f80ba;86d530d5-aef1-4324-9d0c-02a4e7556403
Rylemosen 4, st. th , 2605 Brøndby;0a3f50a3-7100-32b8-e044-0003ba298018;db66af8d-6224-41e3-bb10-97d32f9f2d05;86d530d5-aef1-4324-9d0c-02a4e7556403
Rylemosen 4, 1. tv , 2605 Brøndby;0a3f50a3-7103-32b8-e044-0003ba298018;ae26091e-521c-42b1-a364-0c4911b079cd;86d530d5-aef1-4324-9d0c-02a4e7556403
Rylemosen 4, 1. th , 2605 Brøndby;0a3f50a3-7102-32b8-e044-0003ba298018;5ecf8a7e-f01e-4a53-9c60-5a685c7eaa7c;86d530d5-aef1-4324-9d0c-02a4e7556403
Rylemosen 4, 2. tv , 2605 Brøndby;0a3f50a3-7105-32b8-e044-0003ba298018;a17db8d2-b4f9-4630-aef6-3db55c6d9a3e;86d530d5-aef1-4324-9d0c-02a4e7556403
Rylemosen 4, 2. th , 2605 Brøndby;0a3f50a3-7104-32b8-e044-0003ba298018;b4313a82-335f-42a9-90ba-7f872c64c0d7;86d530d5-aef1-4324-9d0c-02a4e7556403
Rylemosen 6, st. tv , 2605 Brøndby;0a3f50a3-710d-32b8-e044-0003ba298018;ce60b1c3-9fe0-4940-a46d-bbb51f48ec9f;86d530d5-aef1-4324-9d0c-02a4e7556403
Rylemosen 6, st. th , 2605 Brøndby;0a3f50a3-710c-32b8-e044-0003ba298018;2f16e644-4697-4143-b6c0-0124f155e60c;86d530d5-aef1-4324-9d0c-02a4e7556403
Rylemosen 6, 1. tv , 2605 Brøndby;0a3f50a3-710f-32b8-e044-0003ba298018;1c39f9ba-df7e-47f8-82fd-b97530515515;86d530d5-aef1-4324-9d0c-02a4e7556403
Rylemosen 6, 1. th , 2605 Brøndby;0a3f50a3-710e-32b8-e044-0003ba298018;bb6a5474-4aa4-436d-ace9-465d9b2d02d7;86d530d5-aef1-4324-9d0c-02a4e7556403
Rylemosen 6, 2. tv , 2605 Brøndby;0a3f50a3-7111-32b8-e044-0003ba298018;8fe3657c-f3cd-4905-b601-8a4bcf31b692;86d530d5-aef1-4324-9d0c-02a4e7556403
Rylemosen 6, 2. th , 2605 Brøndby;0a3f50a3-7110-32b8-e044-0003ba298018;6991e8d2-113f-4d7f-9248-7e3669710fc6;86d530d5-aef1-4324-9d0c-02a4e7556403
Rylemosen 10, st. tv , 2605 Brøndby;0a3f50a3-7125-32b8-e044-0003ba298018;578459c7-9921-4d5e-9922-787da34b0f5b;632da790-6320-4137-891f-28028c4748cd
Rylemosen 10, st. th , 2605 Brøndby;0a3f50a3-7124-32b8-e044-0003ba298018;58891545-7d0f-4691-a1f0-cf140b9a4c07;632da790-6320-4137-891f-28028c4748cd
Rylemosen 10, 1. tv , 2605 Brøndby;0a3f50a3-7127-32b8-e044-0003ba298018;6d162fa9-65c6-45f1-9371-1fc5979875ae;632da790-6320-4137-891f-28028c4748cd
Rylemosen 10, 1. th , 2605 Brøndby;0a3f50a3-7126-32b8-e044-0003ba298018;15ca9ca9-e2a2-43b8-9b5d-04cfe6d60b92;632da790-6320-4137-891f-28028c4748cd
Rylemosen 10, 2. tv , 2605 Brøndby;0a3f50a3-7129-32b8-e044-0003ba298018;0b5cac52-d608-4ed3-b73c-c80e63413505;632da790-6320-4137-891f-28028c4748cd
Rylemosen 10, 2. th , 2605 Brøndby;0a3f50a3-7128-32b8-e044-0003ba298018;4cf96703-d12e-404a-bed7-689b191dcb42;632da790-6320-4137-891f-28028c4748cd
Rylemosen 12, st. tv , 2605 Brøndby;0a3f50a3-7131-32b8-e044-0003ba298018;3f974c67-883d-4267-8a73-21818051d5fb;632da790-6320-4137-891f-28028c4748cd
Rylemosen 12, st. th , 2605 Brøndby;0a3f50a3-7130-32b8-e044-0003ba298018;f9d41dc9-74a1-490f-a9dc-ec1e07133871;632da790-6320-4137-891f-28028c4748cd
Rylemosen 12, 1. tv , 2605 Brøndby;0a3f50a3-7133-32b8-e044-0003ba298018;cde59705-6aef-4cd7-8476-55b43a355a09;632da790-6320-4137-891f-28028c4748cd
Rylemosen 12, 1. th , 2605 Brøndby;0a3f50a3-7132-32b8-e044-0003ba298018;84a8e31f-1917-4a58-b171-b257ef9c049c;632da790-6320-4137-891f-28028c4748cd
Rylemosen 12, 2. tv , 2605 Brøndby;0a3f50a3-7135-32b8-e044-0003ba298018;21ecdbfe-2a1f-42c6-bb72-82c010a0bf43;632da790-6320-4137-891f-28028c4748cd
Rylemosen 12, 2. th , 2605 Brøndby;0a3f50a3-7134-32b8-e044-0003ba298018;78b7f3d0-178f-48f0-a6ef-08f670f6c004;632da790-6320-4137-891f-28028c4748cd
Rylemosen 14, st. tv , 2605 Brøndby;0a3f50a3-7138-32b8-e044-0003ba298018;de012325-9f1a-40de-9092-62158a6a93eb;632da790-6320-4137-891f-28028c4748cd
Rylemosen 14, st. mf , 2605 Brøndby;0a3f50a3-7136-32b8-e044-0003ba298018;39e082ee-6545-4ee2-ab4d-c20e1b3a68a6;632da790-6320-4137-891f-28028c4748cd
Rylemosen 14, st. th , 2605 Brøndby;0a3f50a3-7137-32b8-e044-0003ba298018;3bbadb11-caed-4b4b-a24a-5f4e7db78e5e;632da790-6320-4137-891f-28028c4748cd
Rylemosen 14, 1. tv , 2605 Brøndby;0a3f50a3-713b-32b8-e044-0003ba298018;8146497c-f235-4e03-9e1e-87ebeef7630a;632da790-6320-4137-891f-28028c4748cd
Rylemosen 14, 1. mf , 2605 Brøndby;0a3f50a3-7139-32b8-e044-0003ba298018;79c7b79a-f43f-47cb-ab61-a36109d97ec2;632da790-6320-4137-891f-28028c4748cd
Rylemosen 14, 1. th , 2605 Brøndby;0a3f50a3-713a-32b8-e044-0003ba298018;200d17e1-ce75-4b97-96b1-1d72d810981e;632da790-6320-4137-891f-28028c4748cd
Rylemosen 14, 2. tv , 2605 Brøndby;0a3f50a3-713e-32b8-e044-0003ba298018;b20fa335-7388-49a8-8456-fa43ed4c73fe;632da790-6320-4137-891f-28028c4748cd
Rylemosen 14, 2. mf , 2605 Brøndby;0a3f50a3-713c-32b8-e044-0003ba298018;f6f24d57-42d8-4f6d-9339-ab65ad0fad05;632da790-6320-4137-891f-28028c4748cd
Rylemosen 14, 2. th , 2605 Brøndby;0a3f50a3-713d-32b8-e044-0003ba298018;868a62bc-a418-4976-a502-282ad84bbeed;632da790-6320-4137-891f-28028c4748cd
Rylemosen 8, st. tv , 2605 Brøndby;0a3f50a3-7119-32b8-e044-0003ba298018;814cad25-9862-4fef-81a7-bf45692123e4;632da790-6320-4137-891f-28028c4748cd
Rylemosen 8, st. th , 2605 Brøndby;0a3f50a3-7118-32b8-e044-0003ba298018;2dddd2f0-fb70-48d7-9a61-3a7133852aae;632da790-6320-4137-891f-28028c4748cd
Rylemosen 8, 1. tv , 2605 Brøndby;0a3f50a3-711b-32b8-e044-0003ba298018;d9be0288-ae44-45e9-8cda-ed8c701840d5;632da790-6320-4137-891f-28028c4748cd
Rylemosen 8, 1. th , 2605 Brøndby;0a3f50a3-711a-32b8-e044-0003ba298018;f371db74-f45a-4da3-ac82-e11ff2af905e;632da790-6320-4137-891f-28028c4748cd
Rylemosen 8, 2. tv , 2605 Brøndby;0a3f50a3-711d-32b8-e044-0003ba298018;4dabd4d0-878b-4d09-9db0-3e24a5535504;632da790-6320-4137-891f-28028c4748cd
Rylemosen 8, 2. th , 2605 Brøndby;0a3f50a3-711c-32b8-e044-0003ba298018;414af243-d0e4-49c8-9a0a-1ab97cf8dd28;632da790-6320-4137-891f-28028c4748cd
Rylemosen 11, st. tv , 2605 Brøndby;0a3f50a3-712b-32b8-e044-0003ba298018;c08588bf-d764-4b42-ac96-d41c5008d84f;065f9dcf-0f6d-4ca0-a696-34e9fc907a54
Rylemosen 11, st. th , 2605 Brøndby;0a3f50a3-712a-32b8-e044-0003ba298018;15411270-8eaf-4f76-aa3c-615447cc8606;065f9dcf-0f6d-4ca0-a696-34e9fc907a54
Rylemosen 11, 1. tv , 2605 Brøndby;0a3f50a3-712d-32b8-e044-0003ba298018;66c2c934-e5c5-481c-91a2-be66b498869b;065f9dcf-0f6d-4ca0-a696-34e9fc907a54
Rylemosen 11, 1. th , 2605 Brøndby;0a3f50a3-712c-32b8-e044-0003ba298018;11738a02-27b0-4fe3-a8b9-9bf19e4bfb72;065f9dcf-0f6d-4ca0-a696-34e9fc907a54
Rylemosen 11, 2. tv , 2605 Brøndby;0a3f50a3-712f-32b8-e044-0003ba298018;069b9447-6645-4dda-bbbd-4786de34007b;065f9dcf-0f6d-4ca0-a696-34e9fc907a54
Rylemosen 11, 2. th , 2605 Brøndby;0a3f50a3-712e-32b8-e044-0003ba298018;d631fd10-afc3-40f3-9338-735fc18daa48;065f9dcf-0f6d-4ca0-a696-34e9fc907a54
Rylemosen 7, st. tv , 2605 Brøndby;0a3f50a3-7113-32b8-e044-0003ba298018;a9df7585-eca0-47ad-a7cb-1626b3b268d8;065f9dcf-0f6d-4ca0-a696-34e9fc907a54
Rylemosen 7, st. th , 2605 Brøndby;0a3f50a3-7112-32b8-e044-0003ba298018;78a0845f-d2b6-47cd-b073-c3b77d3258d7;065f9dcf-0f6d-4ca0-a696-34e9fc907a54
Rylemosen 7, 1. tv , 2605 Brøndby;0a3f50a3-7115-32b8-e044-0003ba298018;3ad61e5a-b65b-4f14-85a3-0c461cda6de5;065f9dcf-0f6d-4ca0-a696-34e9fc907a54
Rylemosen 7, 1. th , 2605 Brøndby;0a3f50a3-7114-32b8-e044-0003ba298018;806f4315-8669-4b43-8a59-39735594aa96;065f9dcf-0f6d-4ca0-a696-34e9fc907a54
Rylemosen 7, 2. tv , 2605 Brøndby;0a3f50a3-7117-32b8-e044-0003ba298018;aab1a167-322c-4d97-9703-24f9eb5a5f26;065f9dcf-0f6d-4ca0-a696-34e9fc907a54
Rylemosen 7, 2. th , 2605 Brøndby;0a3f50a3-7116-32b8-e044-0003ba298018;173a3a3e-6e95-4b3b-8056-00a1de4f8c1c;065f9dcf-0f6d-4ca0-a696-34e9fc907a54
Rylemosen 9, st. tv , 2605 Brøndby;0a3f50a3-711f-32b8-e044-0003ba298018;7647c3f1-676d-4a16-89da-21acc03db700;065f9dcf-0f6d-4ca0-a696-34e9fc907a54
Rylemosen 9, st. th , 2605 Brøndby;0a3f50a3-711e-32b8-e044-0003ba298018;1ec0b8fe-ca43-4050-a4dc-70e81d22bd39;065f9dcf-0f6d-4ca0-a696-34e9fc907a54
Rylemosen 9, 1. tv , 2605 Brøndby;0a3f50a3-7121-32b8-e044-0003ba298018;c64f39c7-d015-4f77-9134-16b59e8860bc;065f9dcf-0f6d-4ca0-a696-34e9fc907a54
Rylemosen 9, 1. th , 2605 Brøndby;0a3f50a3-7120-32b8-e044-0003ba298018;8f7f635b-7bb1-49f9-88e0-637ef5960716;065f9dcf-0f6d-4ca0-a696-34e9fc907a54
Rylemosen 9, 2. tv , 2605 Brøndby;0a3f50a3-7123-32b8-e044-0003ba298018;3ec7abe2-f50f-41d2-af31-b5ee3b2f102a;065f9dcf-0f6d-4ca0-a696-34e9fc907a54
Rylemosen 9, 2. th , 2605 Brøndby;0a3f50a3-7122-32b8-e044-0003ba298018;5fc5a29b-5833-40d4-80dd-de2a13aa4760;065f9dcf-0f6d-4ca0-a696-34e9fc907a54
Høgemosen 14, st. tv , 2605 Brøndby;0a3f50a3-6036-32b8-e044-0003ba298018;035023da-4809-4206-943a-4dbd5551612b;11a4631b-204b-4033-8ba4-03395074c9bb
Høgemosen 14, st. th , 2605 Brøndby;0a3f50a3-6035-32b8-e044-0003ba298018;94f90980-1a0f-4825-85d9-e82e7369c4bb;11a4631b-204b-4033-8ba4-03395074c9bb
Høgemosen 14, 1. tv , 2605 Brøndby;0a3f50a3-6038-32b8-e044-0003ba298018;2d803b2e-f6c7-4b39-a31d-37411e6778f1;11a4631b-204b-4033-8ba4-03395074c9bb
Høgemosen 14, 1. th , 2605 Brøndby;0a3f50a3-6037-32b8-e044-0003ba298018;ce38934c-ace7-4522-a906-f6e0a43ef3f7;11a4631b-204b-4033-8ba4-03395074c9bb
Høgemosen 14, 2. tv , 2605 Brøndby;0a3f50a3-603a-32b8-e044-0003ba298018;45475a19-3c8a-4638-8e5b-60eabf3da321;11a4631b-204b-4033-8ba4-03395074c9bb
Høgemosen 14, 2. th , 2605 Brøndby;0a3f50a3-6039-32b8-e044-0003ba298018;062d48eb-d35f-4b7a-9fb3-f6610bfa3692;11a4631b-204b-4033-8ba4-03395074c9bb
Høgemosen 16, st. tv , 2605 Brøndby;0a3f50a3-603c-32b8-e044-0003ba298018;103b7b1a-f651-403a-bf28-5e772c0c45af;11a4631b-204b-4033-8ba4-03395074c9bb
Høgemosen 16, st. th , 2605 Brøndby;0a3f50a3-603b-32b8-e044-0003ba298018;222b73ea-9985-4159-bf3f-21bade536ccc;11a4631b-204b-4033-8ba4-03395074c9bb
Høgemosen 16, 1. tv , 2605 Brøndby;0a3f50a3-603e-32b8-e044-0003ba298018;3898783f-4a1c-45e4-aac5-86fe449394e9;11a4631b-204b-4033-8ba4-03395074c9bb
Høgemosen 16, 1. th , 2605 Brøndby;0a3f50a3-603d-32b8-e044-0003ba298018;3361c493-547a-44c8-916c-f2d520234b82;11a4631b-204b-4033-8ba4-03395074c9bb
Høgemosen 16, 2. tv , 2605 Brøndby;0a3f50a3-6040-32b8-e044-0003ba298018;d201d9e6-9678-4703-8e63-ec2cfe7dc40f;11a4631b-204b-4033-8ba4-03395074c9bb
Høgemosen 16, 2. th , 2605 Brøndby;0a3f50a3-603f-32b8-e044-0003ba298018;c8d7c6a6-8604-416a-9f0c-ebba4d952b77;11a4631b-204b-4033-8ba4-03395074c9bb
Høgemosen 18, st. tv , 2605 Brøndby;0a3f50a3-6042-32b8-e044-0003ba298018;bfdff90e-ab38-4610-9088-725342e6ffe5;11a4631b-204b-4033-8ba4-03395074c9bb
Høgemosen 18, st. th , 2605 Brøndby;0a3f50a3-6041-32b8-e044-0003ba298018;9b8be38a-db2b-489a-b3f5-32f360dcc984;11a4631b-204b-4033-8ba4-03395074c9bb
Høgemosen 18, 1. tv , 2605 Brøndby;0a3f50a3-6044-32b8-e044-0003ba298018;b6fb2e3a-0e38-40e3-bd63-2dbf74a7cdc8;11a4631b-204b-4033-8ba4-03395074c9bb
Høgemosen 18, 1. th , 2605 Brøndby;0a3f50a3-6043-32b8-e044-0003ba298018;9fdadfb8-c912-464d-ab53-330da4a6380d;11a4631b-204b-4033-8ba4-03395074c9bb
Høgemosen 18, 2. tv , 2605 Brøndby;0a3f50a3-6046-32b8-e044-0003ba298018;85a0f00e-9363-47a9-b730-385b74d05909;11a4631b-204b-4033-8ba4-03395074c9bb
Høgemosen 18, 2. th , 2605 Brøndby;0a3f50a3-6045-32b8-e044-0003ba298018;f9a15533-4a16-4be6-a0be-f9887f7049b1;11a4631b-204b-4033-8ba4-03395074c9bb
Høgemosen 20, 1. tv , 2605 Brøndby;0a3f50a3-6048-32b8-e044-0003ba298018;d558bf69-0a9d-4a12-bbec-31db72151727;190a512e-07db-4c09-9ccb-7943265a88fc
Høgemosen 20, 1. th , 2605 Brøndby;0a3f50a3-6047-32b8-e044-0003ba298018;e0a2720c-3829-430a-9592-f7b75ffb7a6b;190a512e-07db-4c09-9ccb-7943265a88fc
Høgemosen 20, 2. tv , 2605 Brøndby;0a3f50a3-604a-32b8-e044-0003ba298018;d1ad44eb-6991-4840-bf19-c807a42d944b;190a512e-07db-4c09-9ccb-7943265a88fc
Høgemosen 20, 2. th , 2605 Brøndby;0a3f50a3-6049-32b8-e044-0003ba298018;a4b7756f-239e-4f0c-888e-69048b4fb84f;190a512e-07db-4c09-9ccb-7943265a88fc
Høgemosen 22, 1. tv , 2605 Brøndby;0a3f50a3-604d-32b8-e044-0003ba298018;6f756dec-fa89-421a-80ca-a639abe87864;190a512e-07db-4c09-9ccb-7943265a88fc
Høgemosen 22, 1. th , 2605 Brøndby;0a3f50a3-604c-32b8-e044-0003ba298018;41375046-4dd5-4195-a368-eb770797fa91;190a512e-07db-4c09-9ccb-7943265a88fc
Høgemosen 22, 2. tv , 2605 Brøndby;0a3f50a3-604f-32b8-e044-0003ba298018;5b59e8a9-0f9e-44d5-9d73-eb8b1e298c38;190a512e-07db-4c09-9ccb-7943265a88fc
Høgemosen 22, 2. th , 2605 Brøndby;0a3f50a3-604e-32b8-e044-0003ba298018;91196f41-3874-4ae8-b238-805890d8a857;190a512e-07db-4c09-9ccb-7943265a88fc
Høgemosen 24, st. tv , 2605 Brøndby;0a3f50a3-6052-32b8-e044-0003ba298018;0bf3cbda-440b-427d-8180-8bf395525dac;190a512e-07db-4c09-9ccb-7943265a88fc
Høgemosen 24, st. mf , 2605 Brøndby;0a3f50a3-6050-32b8-e044-0003ba298018;3fbe64ef-d356-4c3d-9a6d-58e0aa56dfa1;190a512e-07db-4c09-9ccb-7943265a88fc
Høgemosen 24, st. th , 2605 Brøndby;0a3f50a3-6051-32b8-e044-0003ba298018;60cc724e-66bd-4c51-aebc-cbd70c471499;190a512e-07db-4c09-9ccb-7943265a88fc
Høgemosen 24, 1. tv , 2605 Brøndby;0a3f50a3-6055-32b8-e044-0003ba298018;e43047b6-51ba-4727-97a7-8836b68d98a1;190a512e-07db-4c09-9ccb-7943265a88fc
Høgemosen 24, 1. mf , 2605 Brøndby;0a3f50a3-6053-32b8-e044-0003ba298018;d4285cff-3838-402d-92e2-951317abc013;190a512e-07db-4c09-9ccb-7943265a88fc
Høgemosen 24, 1. th , 2605 Brøndby;0a3f50a3-6054-32b8-e044-0003ba298018;a7cb9aa6-ecfb-473d-a768-24fac20a93db;190a512e-07db-4c09-9ccb-7943265a88fc
Høgemosen 24, 2. tv , 2605 Brøndby;0a3f50a3-6058-32b8-e044-0003ba298018;d5342699-c8b2-4faa-ba30-d1eefdee2edc;190a512e-07db-4c09-9ccb-7943265a88fc
Høgemosen 24, 2. mf , 2605 Brøndby;0a3f50a3-6056-32b8-e044-0003ba298018;47423a95-cae6-4504-9258-695759c86764;190a512e-07db-4c09-9ccb-7943265a88fc
Høgemosen 24, 2. th , 2605 Brøndby;0a3f50a3-6057-32b8-e044-0003ba298018;6d8471c5-9232-4bb5-bb64-bbd64a461ab4;190a512e-07db-4c09-9ccb-7943265a88fc
Rylemosen 16, st. tv , 2605 Brøndby;0a3f50a3-7140-32b8-e044-0003ba298018;12e5a1b6-6b82-4688-aa73-bacbba30d052;232196e4-5f63-4b4a-8033-251857f3bea7
Rylemosen 16, st. th , 2605 Brøndby;0a3f50a3-713f-32b8-e044-0003ba298018;3d80bc90-fa7e-45bc-9d4e-a24d9ed28bf5;232196e4-5f63-4b4a-8033-251857f3bea7
Rylemosen 16, 1. tv , 2605 Brøndby;0a3f50a3-7142-32b8-e044-0003ba298018;fcaafe27-ffe8-477f-be00-c9cbebea8d8a;232196e4-5f63-4b4a-8033-251857f3bea7
Rylemosen 16, 1. th , 2605 Brøndby;0a3f50a3-7141-32b8-e044-0003ba298018;525efb5d-feda-450c-bf5b-7dfa73049210;232196e4-5f63-4b4a-8033-251857f3bea7
Rylemosen 16, 2. tv , 2605 Brøndby;0a3f50a3-7144-32b8-e044-0003ba298018;1e1bffce-9b00-4c67-8c6f-fb48baf866d3;232196e4-5f63-4b4a-8033-251857f3bea7
Rylemosen 16, 2. th , 2605 Brøndby;0a3f50a3-7143-32b8-e044-0003ba298018;92259c5e-76db-42f2-a66d-9144b8d9d292;232196e4-5f63-4b4a-8033-251857f3bea7
Rylemosen 18, st. tv , 2605 Brøndby;0a3f50a3-7146-32b8-e044-0003ba298018;78e5a1ba-6aea-4528-8963-eb2139504142;232196e4-5f63-4b4a-8033-251857f3bea7
Rylemosen 18, st. th , 2605 Brøndby;0a3f50a3-7145-32b8-e044-0003ba298018;4fb8df6e-6f53-425f-ac39-a9e854ab3df3;232196e4-5f63-4b4a-8033-251857f3bea7
Rylemosen 18, 1. tv , 2605 Brøndby;0a3f50a3-7148-32b8-e044-0003ba298018;99200a85-0310-4f90-a1b0-8afdd6fc6dd9;232196e4-5f63-4b4a-8033-251857f3bea7
Rylemosen 18, 1. th , 2605 Brøndby;0a3f50a3-7147-32b8-e044-0003ba298018;294cf4c2-e0c1-4c57-998d-34b1dc43d5e5;232196e4-5f63-4b4a-8033-251857f3bea7
Rylemosen 18, 2. tv , 2605 Brøndby;0a3f50a3-714a-32b8-e044-0003ba298018;cbb3865e-849b-41a1-a7ea-9fa663affcf6;232196e4-5f63-4b4a-8033-251857f3bea7
Rylemosen 18, 2. th , 2605 Brøndby;0a3f50a3-7149-32b8-e044-0003ba298018;c8e4f219-da91-4086-a9e9-a9fd6f7ab0e1;232196e4-5f63-4b4a-8033-251857f3bea7
Rylemosen 20, st. tv , 2605 Brøndby;0a3f50a3-714c-32b8-e044-0003ba298018;da25cf9e-52eb-4dec-a725-29127db85820;232196e4-5f63-4b4a-8033-251857f3bea7
Rylemosen 20, st. th , 2605 Brøndby;0a3f50a3-714b-32b8-e044-0003ba298018;0fe55ed5-4ea4-4124-bb4a-6691d23d1b16;232196e4-5f63-4b4a-8033-251857f3bea7
Rylemosen 20, 1. tv , 2605 Brøndby;0a3f50a3-714e-32b8-e044-0003ba298018;f16ecc21-b6c2-447f-9b74-de7fc20d0015;232196e4-5f63-4b4a-8033-251857f3bea7
Rylemosen 20, 1. th , 2605 Brøndby;0a3f50a3-714d-32b8-e044-0003ba298018;88f99661-75c3-4e60-b1ab-c17fc786d01c;232196e4-5f63-4b4a-8033-251857f3bea7
Rylemosen 20, 2. tv , 2605 Brøndby;0a3f50a3-7150-32b8-e044-0003ba298018;42a5aad0-9cfe-4019-b92f-b7b548baf97b;232196e4-5f63-4b4a-8033-251857f3bea7
Rylemosen 20, 2. th , 2605 Brøndby;0a3f50a3-714f-32b8-e044-0003ba298018;008ac477-70e4-4b81-8444-79e2007eb9d0;232196e4-5f63-4b4a-8033-251857f3bea7
Rylemosen 22, st. tv , 2605 Brøndby;0a3f50a3-7152-32b8-e044-0003ba298018;4bef5d13-cf7a-4193-8a19-277bd59c5b39;93613a19-5cc5-4d99-8e9b-6b678dc56a64
Rylemosen 22, st. th , 2605 Brøndby;0a3f50a3-7151-32b8-e044-0003ba298018;c72771fa-006d-493f-9a4f-951ef8d5a37a;93613a19-5cc5-4d99-8e9b-6b678dc56a64
Rylemosen 22, 1. tv , 2605 Brøndby;0a3f50a3-7154-32b8-e044-0003ba298018;56cd128a-f3c7-4408-b9c7-9b37ae90c1b9;93613a19-5cc5-4d99-8e9b-6b678dc56a64
Rylemosen 22, 1. th , 2605 Brøndby;0a3f50a3-7153-32b8-e044-0003ba298018;6aaea179-3ded-47ab-8119-e9dd8550c589;93613a19-5cc5-4d99-8e9b-6b678dc56a64
Rylemosen 22, 2. tv , 2605 Brøndby;0a3f50a3-7156-32b8-e044-0003ba298018;f824f7f9-19de-47b6-b1d0-cdcf1bc0360e;93613a19-5cc5-4d99-8e9b-6b678dc56a64
Rylemosen 22, 2. th , 2605 Brøndby;0a3f50a3-7155-32b8-e044-0003ba298018;85e1866d-0bcf-48bd-a200-12e53fa48b3d;93613a19-5cc5-4d99-8e9b-6b678dc56a64
Rylemosen 24, st. tv , 2605 Brøndby;0a3f50a3-7158-32b8-e044-0003ba298018;1e35a6ec-ad8c-43a2-b4f4-5095c22e3789;93613a19-5cc5-4d99-8e9b-6b678dc56a64
Rylemosen 24, st. th , 2605 Brøndby;0a3f50a3-7157-32b8-e044-0003ba298018;2efe29a6-2f94-4736-b689-a4ddf09e8d37;93613a19-5cc5-4d99-8e9b-6b678dc56a64
Rylemosen 24, 1. tv , 2605 Brøndby;0a3f50a3-715a-32b8-e044-0003ba298018;2bfcd990-307f-42f2-87b1-d713abba0ad5;93613a19-5cc5-4d99-8e9b-6b678dc56a64
Rylemosen 24, 1. th , 2605 Brøndby;0a3f50a3-7159-32b8-e044-0003ba298018;e9ea13cb-efe8-46ec-a5c6-789630968e35;93613a19-5cc5-4d99-8e9b-6b678dc56a64
Rylemosen 24, 2. tv , 2605 Brøndby;0a3f50a3-715c-32b8-e044-0003ba298018;94a0557e-2cff-4591-97a7-831d8ced3d80;93613a19-5cc5-4d99-8e9b-6b678dc56a64
Rylemosen 24, 2. th , 2605 Brøndby;0a3f50a3-715b-32b8-e044-0003ba298018;555b996b-afde-4aa2-8d30-cc514acf2074;93613a19-5cc5-4d99-8e9b-6b678dc56a64
Rylemosen 26, st. tv , 2605 Brøndby;0a3f50a3-715e-32b8-e044-0003ba298018;1767a7e5-912d-4788-9e68-08848a92c9f1;93613a19-5cc5-4d99-8e9b-6b678dc56a64
Rylemosen 26, st. th , 2605 Brøndby;0a3f50a3-715d-32b8-e044-0003ba298018;a0d3b986-3928-45fe-b4f7-cf54b1ec2645;93613a19-5cc5-4d99-8e9b-6b678dc56a64
Rylemosen 26, 1. tv , 2605 Brøndby;0a3f50a3-7160-32b8-e044-0003ba298018;db2684c3-21e5-4bbe-965d-293ca8222cec;93613a19-5cc5-4d99-8e9b-6b678dc56a64
Rylemosen 26, 1. th , 2605 Brøndby;0a3f50a3-715f-32b8-e044-0003ba298018;8bdf9a07-a6c0-4aff-bc18-60a1eed7ae16;93613a19-5cc5-4d99-8e9b-6b678dc56a64
Rylemosen 26, 2. tv , 2605 Brøndby;0a3f50a3-7162-32b8-e044-0003ba298018;b0b38d7d-8c48-4134-b098-74c96748bc4b;93613a19-5cc5-4d99-8e9b-6b678dc56a64
Rylemosen 26, 2. th , 2605 Brøndby;0a3f50a3-7161-32b8-e044-0003ba298018;38dc4385-5672-44c4-8444-044c18a89754;93613a19-5cc5-4d99-8e9b-6b678dc56a64
Rylemosen 28, st. tv , 2605 Brøndby;0a3f50a3-7165-32b8-e044-0003ba298018;860785eb-8d2b-469f-b49b-6f0a6ecf8096;93613a19-5cc5-4d99-8e9b-6b678dc56a64
Rylemosen 28, st. mf , 2605 Brøndby;0a3f50a3-7163-32b8-e044-0003ba298018;976f43c3-22df-4029-9557-0fb3d7d94f1e;93613a19-5cc5-4d99-8e9b-6b678dc56a64
Rylemosen 28, st. th , 2605 Brøndby;0a3f50a3-7164-32b8-e044-0003ba298018;9c65be3a-3d82-4aa5-82ff-8f41368870d1;93613a19-5cc5-4d99-8e9b-6b678dc56a64
Rylemosen 28, 1. tv , 2605 Brøndby;0a3f50a3-7168-32b8-e044-0003ba298018;823f1ce3-190b-47cd-b2ff-c002b5ed4270;93613a19-5cc5-4d99-8e9b-6b678dc56a64
Rylemosen 28, 1. mf , 2605 Brøndby;0a3f50a3-7166-32b8-e044-0003ba298018;08f75705-ed35-4b22-8bb4-02cf9044934c;93613a19-5cc5-4d99-8e9b-6b678dc56a64
Rylemosen 28, 1. th , 2605 Brøndby;0a3f50a3-7167-32b8-e044-0003ba298018;0e2b6f4d-f2eb-401f-8706-7eaa0468933f;93613a19-5cc5-4d99-8e9b-6b678dc56a64
Rylemosen 28, 2. tv , 2605 Brøndby;0a3f50a3-716b-32b8-e044-0003ba298018;17003ef4-6572-47a4-b9f5-591789293806;93613a19-5cc5-4d99-8e9b-6b678dc56a64
Rylemosen 28, 2. mf , 2605 Brøndby;0a3f50a3-7169-32b8-e044-0003ba298018;1bfb3fdb-f6ba-43ce-9d29-b25de70e9cf7;93613a19-5cc5-4d99-8e9b-6b678dc56a64
Rylemosen 28, 2. th , 2605 Brøndby;0a3f50a3-716a-32b8-e044-0003ba298018;31c07327-ada0-49d5-abb4-3220dc4d6689;93613a19-5cc5-4d99-8e9b-6b678dc56a64
