id_lokalId;husnummer;jordstykke;byg021BygningensAnvendelse;byg038SamletBygningsareal;byg039BygningensSamledeBoligAreal;byg040BygningensSamledeErhvervsAreal;eta022Kælderareal;byg026Opførelsesår;byg027OmTilbygningsår;byg056Varmeinstallation;byg057Opvarmningsmiddel;byg058SupplerendeVarme;byg404Koordinat;byg406Koordinatsystem;status;adgangsadressebetegnelse;antAdresser
00017b47-9e52-4351-bfe3-26edff8caa20;0a3f5087-3a10-32b8-e044-0003ba298018;2116802;510;55;55;;0;1869;;5;1;;POINT(689924.11 6097534.03);5;6;Lergravvej 31, 4760 Vordingborg;1
0006777f-3d89-41f4-8f75-5dd63b4408a5;0a3f5087-3e2a-32b8-e044-0003ba298018;2121027;120;96;134;;0;1914;;2;7;;POINT(689898.08 6099204.46);5;6;Nyraad Hovedgade 94, 4760 Vordingborg;1
000b57f4-a94d-423d-bfc2-3779d820ed72;0a3f5087-3b97-32b8-e044-0003ba298018;2114171;510;82;112;;0;1966;;7;1;;POINT(674677.07 6110933.17);5;6;Måneshøjvej 15, 4750 Lundby;1
000bbf46-a9e6-40f9-a541-b1be7904321a;0a3f5086-69be-32b8-e044-0003ba298018;1317441;219;154;;154;0;1857;;9;;;POINT(693503.61 6110576.2);5;6;Mønvej 31, Skibinge, 4720 Præstø;0
000de108-b4ee-4c9f-842d-b7e5f886edf4;0a3f5086-6bd4-32b8-e044-0003ba298018;1314955;120;142;194;;0;1777;;7;1;;POINT(696529.25 6108149.85);5;6;Rekkende By 1, 4720 Præstø;1
000ecb1d-4670-4d03-86b0-4332e9d7012f;0a3f5085-970d-32b8-e044-0003ba298018;2489199;120;104;104;;0;1984;;7;1;;POINT(709987.28 6099688.25);5;6;Rubinvænget 10, 4780 Stege;1
000f8ec1-309a-4139-acb9-3b0ad1aa8e90;0a3f5087-2f41-32b8-e044-0003ba298018;2112423;322;1344;;1344;0;1983;;9;;;POINT(684549.25 6101389.99);5;6;Gammelsøvej 59, 4760 Vordingborg;1
001009ed-cf67-46e3-83db-3d1df5c4aea1;0a3f5085-649c-32b8-e044-0003ba298018;541509;120;102;102;;0;1962;;2;7;90;POINT(693196.88 6098633.46);5;6;Skånningevej 33, 4773 Stensved;1
001211e4-cb8b-45c5-8283-dce191647a8a;0a3f5087-40c5-32b8-e044-0003ba298018;2112912;210;306;;306;0;1870;;9;;;POINT(686811.04 6102396.95);5;6;Ornebjergvej 63, 4760 Vordingborg;0
0015b89a-487f-46a7-8a1e-a8535f1d7cbe;0a3f5085-a3bb-32b8-e044-0003ba298018;2476700;120;124;196;;0;1887;;5;1;;POINT(695384.26 6091330.44);5;6;Østerskovvej 10, 4793 Bogø By;1
001e41d2-ef05-47af-ae6c-29c3b7a381f5;0a3f5087-33e5-32b8-e044-0003ba298018;2111412;120;133;133;;0;1980;;2;3;;POINT(689423.9 6104023.32);5;6;Høstvej 19, 4760 Vordingborg;1
0029095b-9e9d-4029-a34a-2d39f72dc4fe;0a3f5085-8622-32b8-e044-0003ba298018;2482227;120;84;134;;0;1775;2002;2;3;;POINT(703487.72 6090819.4);5;6;Fanefjordgade 71, Askeby, 4792 Askeby;1
002a7c84-04c9-4669-a5b8-6536d2bf16a8;0a3f5087-40c1-32b8-e044-0003ba298018;2112913;110;225;225;;0;1907;;2;3;;POINT(686884.1 6102433.9);5;6;Ornebjergvej 58, 4760 Vordingborg;1
002d01f5-f2ba-4a03-98de-70502b5f5048;0a3f5085-87a7-32b8-e044-0003ba298018;2493995;510;65;65;;0;1966;;7;1;2;POINT(707198.54 6104828.98);5;6;Fyrrestien 5, Ulvshale, 4780 Stege;1
002d98fb-8568-4b45-8249-c47f9ed1ed5e;0a3f5085-9780-32b8-e044-0003ba298018;2479110;210;120;;120;0;1900;;9;;90;POINT(701311.24 6093700.17);5;6;Røddinge Husrække 3, Røddinge, 4780 Stege;0
0030b85f-785b-42e5-a8e7-36d5f598d9b0;0a3f5087-27b2-32b8-e044-0003ba298018;2118934;120;86;118;;0;1946;;1;;;POINT(685459.11 6100826.34);5;6;Birkealle 59, 4760 Vordingborg;1
00352c7b-0796-4fe0-9730-a90b44c0b7b7;0a3f5085-a21c-32b8-e044-0003ba298018;2476142;212;150;;150;0;1991;;9;;90;POINT(693307.87 6090349.67);5;6;Vesterskovvej 37, 4793 Bogø By;0
0037c5be-64fe-4391-aea4-682e92cb2b57;0a3f5086-6866-32b8-e044-0003ba298018;1314820;212;96;;96;0;1900;;9;;;POINT(693911.91 6109458.97);5;6;Lillemarksvej 2, 4720 Præstø;0
0039e3f8-88ee-40e7-81b2-97b90ef101b7;0a3f5085-a2db-32b8-e044-0003ba298018;2484902;120;155;306;;0;1870;2012;2;3;;POINT(703375.81 6089303.5);5;6;Vollerupgade 32A, Vollerup, 4792 Askeby;1
003b338e-11fa-4a37-90f2-2f42a2add1d1;0a3f5085-6014-32b8-e044-0003ba298018;544029;120;96;111;;0;1936;;2;3;2;POINT(701018.86 6099960.53);5;6;Kirkevejen 13, 4771 Kalvehave;1
003c8325-4707-4cfc-807e-5dd06f40452d;0a3f5085-5db7-32b8-e044-0003ba298018;542502;217;100;;100;0;1950;;9;;;POINT(695188.99 6104927.02);5;6;Gl Præstøvej 35, 4735 Mern;0
003f92e9-cdde-44a9-8c95-367639edc573;0a3f5087-3503-32b8-e044-0003ba298018;2112055;120;102;102;;0;1973;;1;;;POINT(685219.66 6102201.86);5;6;Kastrupvej 14A, 4760 Vordingborg;1
0041a8aa-b82a-4745-9445-7a4edf80dbec;0a3f5086-6238-32b8-e044-0003ba298018;1318719;120;77;77;;62;1940;2018;1;;;POINT(694126.72 6112419.82);5;6;Antonivej 5A, 4720 Præstø;1
0041d7ac-7d0c-40b2-86d1-a584ef20c041;0a3f5085-5fbe-32b8-e044-0003ba298018;541124;120;157;210;;0;1978;2015;7;1;1;POINT(693315.55 6098850.34);5;6;Kastanievej 46, 4773 Stensved;1
0043b3b5-f99b-4dfb-ab33-01367701d40b;0a3f5086-6a34-32b8-e044-0003ba298018;1314675;120;100;100;;0;1940;;2;3;90;POINT(693906.64 6107848.43);5;6;Mønvej 121, 4720 Præstø;1
0046a355-a21f-45b4-85b2-0687ec6ddbdc;0ea84e3c-5110-1cba-e044-0003ba298018;2667384;120;69;118;;0;2007;;1;;90;POINT(693746.75 6112401.12);5;6;Priesesstræde 4, 4720 Præstø;1
0047346f-4d63-4fb8-b697-b7b9308a5564;0a3f5087-2854-32b8-e044-0003ba298018;2112684;510;14;14;;;2002;;7;1;;POINT(680788.85 6105108.59);5;6;Bramgåsvej 10, 4760 Vordingborg;0
00482544-cb90-4468-810a-7585621e48d9;0a3f5085-8b0e-32b8-e044-0003ba298018;2476780;510;64;64;;0;1977;;7;1;;POINT(695784 6090562.63);5;6;Højdedraget 46, 4793 Bogø By;1
0048d8c1-57ed-473e-a7be-8b41b7672976;0a3f5087-3533-32b8-e044-0003ba298018;2117846;120;196;173;;0;1977;1988;1;;;POINT(687292.74 6099684.68);5;6;Keidamsvej 18, 4760 Vordingborg;1
004b2b8c-dbed-43e0-a1a1-315f76011c2a;0a3f5085-658a-32b8-e044-0003ba298018;541651;130;120;166;;18;1872;;2;3;2;POINT(693128.49 6096420.49);5;6;Stensbyvej 51A, Vestenbæk, 4773 Stensved;2
004baec4-3727-44e6-9c9c-f832850fdddf;0a3f5086-65d3-32b8-e044-0003ba298018;1315917;120;93;93;;0;1900;1975;5;1;2;POINT(687863.06 6110339.03);5;6;Hastrupvej 23, 4720 Præstø;1
004c3913-48ef-413b-b87b-0f91e3e0847f;0a3f5087-373f-32b8-e044-0003ba298018;2119412;120;143;143;;0;1964;1985;2;3;;POINT(689179.61 6098924.68);5;6;Kløften 30, 4760 Vordingborg;1
004cd0d0-7fe9-4990-ae7e-36bcafa1b5ff;0a3f5085-8afa-32b8-e044-0003ba298018;2476862;510;52;52;;0;1976;;7;1;;POINT(695701.39 6090538.37);5;6;Højdedraget 18, 4793 Bogø By;1
004f4d16-a8ab-4971-86b6-735ac6a69d7d;0a3f5087-4a7b-32b8-e044-0003ba298018;2114066;110;101;123;;0;1910;2001;7;1;;POINT(679334.45 6108371.8);5;6;Togårdsvej 7, 4750 Lundby;1
004fb8db-acce-417a-847c-968749c45583;0a3f5085-5bb1-32b8-e044-0003ba298018;539763;120;106;106;;7;1952;;2;3;2;POINT(698657.73 6102442.81);5;6;Bakkekammen 1, Balle, 4735 Mern;1
0051735c-36dc-451a-a97d-a24a9f5045e9;0a3f5087-4770-32b8-e044-0003ba298018;2118703;321;52;;52;0;1987;2003;2;3;2;POINT(685030.88 6100964.01);5;6;Stokkedrevet 11, 4760 Vordingborg;0
00523ed1-cc56-4dcd-a97e-3485654096c1;0a3f5087-4531-32b8-e044-0003ba298018;2110495;110;150;190;;0;1830;;5;1;2;POINT(689824.56 6106413.16);5;6;Skallerupvej 36, 4760 Vordingborg;1
0053f63b-65b7-43eb-bc8f-0db93dd9b687;0a3f5087-37e7-32b8-e044-0003ba298018;2115633;217;243;;243;0;1927;;9;;;POINT(680073.27 6106256.31);5;6;Koholtevej 46, 4760 Vordingborg;0
005547da-362f-4642-9f89-7c3140b0d168;0a3f5087-2494-32b8-e044-0003ba298018;2116076;120;112;113;45;0;1800;1924;1;;;POINT(685675.86 6099953.23);5;6;Algade 31, 4760 Vordingborg;1
00560f19-6f1a-4874-ab52-72d8a3a8408e;0a3f5085-6482-32b8-e044-0003ba298018;540918;120;146;146;;0;1968;;2;3;2;POINT(693615.94 6098933.77);5;6;Skyttemarksvej 32, 4773 Stensved;1
0056e4c8-e7ea-4449-85c4-f863f91be3ba;0a3f5087-2d3e-32b8-e044-0003ba298018;2114075;217;1154;;1154;0;2008;;9;;;POINT(678950.76 6107207.23);5;6;Fjordgårdsvej 2, 4750 Lundby;0
00017b47-9e52-4351-bfe3-26edff8caa20;0a3f5087-3a10-32b8-e044-0003ba298018;2116802;510;55;55;;0;1869;;5;1;;POINT(689924.11 6097534.03);5;6;Lergravvej 31, 4760 Vordingborg;1
0006777f-3d89-41f4-8f75-5dd63b4408a5;0a3f5087-3e2a-32b8-e044-0003ba298018;2121027;120;96;134;;0;1914;;2;7;;POINT(689898.08 6099204.46);5;6;Nyraad Hovedgade 94, 4760 Vordingborg;1
000b57f4-a94d-423d-bfc2-3779d820ed72;0a3f5087-3b97-32b8-e044-0003ba298018;2114171;510;82;112;;0;1966;;7;1;;POINT(674677.07 6110933.17);5;6;Måneshøjvej 15, 4750 Lundby;1
000bbf46-a9e6-40f9-a541-b1be7904321a;0a3f5086-69be-32b8-e044-0003ba298018;1317441;219;154;;154;0;1857;;9;;;POINT(693503.61 6110576.2);5;6;Mønvej 31, Skibinge, 4720 Præstø;0
000de108-b4ee-4c9f-842d-b7e5f886edf4;0a3f5086-6bd4-32b8-e044-0003ba298018;1314955;120;142;194;;0;1777;;7;1;;POINT(696529.25 6108149.85);5;6;Rekkende By 1, 4720 Præstø;1
000ecb1d-4670-4d03-86b0-4332e9d7012f;0a3f5085-970d-32b8-e044-0003ba298018;2489199;120;104;104;;0;1984;;7;1;;POINT(709987.28 6099688.25);5;6;Rubinvænget 10, 4780 Stege;1
000f8ec1-309a-4139-acb9-3b0ad1aa8e90;0a3f5087-2f41-32b8-e044-0003ba298018;2112423;322;1344;;1344;0;1983;;9;;;POINT(684549.25 6101389.99);5;6;Gammelsøvej 59, 4760 Vordingborg;1
001009ed-cf67-46e3-83db-3d1df5c4aea1;0a3f5085-649c-32b8-e044-0003ba298018;541509;120;102;102;;0;1962;;2;7;90;POINT(693196.88 6098633.46);5;6;Skånningevej 33, 4773 Stensved;1
001211e4-cb8b-45c5-8283-dce191647a8a;0a3f5087-40c5-32b8-e044-0003ba298018;2112912;210;306;;306;0;1870;;9;;;POINT(686811.04 6102396.95);5;6;Ornebjergvej 63, 4760 Vordingborg;0
0015b89a-487f-46a7-8a1e-a8535f1d7cbe;0a3f5085-a3bb-32b8-e044-0003ba298018;2476700;120;124;196;;0;1887;;5;1;;POINT(695384.26 6091330.44);5;6;Østerskovvej 10, 4793 Bogø By;1
001e41d2-ef05-47af-ae6c-29c3b7a381f5;0a3f5087-33e5-32b8-e044-0003ba298018;2111412;120;133;133;;0;1980;;2;3;;POINT(689423.9 6104023.32);5;6;Høstvej 19, 4760 Vordingborg;1
0029095b-9e9d-4029-a34a-2d39f72dc4fe;0a3f5085-8622-32b8-e044-0003ba298018;2482227;120;84;134;;0;1775;2002;2;3;;POINT(703487.72 6090819.4);5;6;Fanefjordgade 71, Askeby, 4792 Askeby;1
002a7c84-04c9-4669-a5b8-6536d2bf16a8;0a3f5087-40c1-32b8-e044-0003ba298018;2112913;110;225;225;;0;1907;;2;3;;POINT(686884.1 6102433.9);5;6;Ornebjergvej 58, 4760 Vordingborg;1
002d01f5-f2ba-4a03-98de-70502b5f5048;0a3f5085-87a7-32b8-e044-0003ba298018;2493995;510;65;65;;0;1966;;7;1;2;POINT(707198.54 6104828.98);5;6;Fyrrestien 5, Ulvshale, 4780 Stege;1
002d98fb-8568-4b45-8249-c47f9ed1ed5e;0a3f5085-9780-32b8-e044-0003ba298018;2479110;210;120;;120;0;1900;;9;;90;POINT(701311.24 6093700.17);5;6;Røddinge Husrække 3, Røddinge, 4780 Stege;0
0030b85f-785b-42e5-a8e7-36d5f598d9b0;0a3f5087-27b2-32b8-e044-0003ba298018;2118934;120;86;118;;0;1946;;1;;;POINT(685459.11 6100826.34);5;6;Birkealle 59, 4760 Vordingborg;1
00352c7b-0796-4fe0-9730-a90b44c0b7b7;0a3f5085-a21c-32b8-e044-0003ba298018;2476142;212;150;;150;0;1991;;9;;90;POINT(693307.87 6090349.67);5;6;Vesterskovvej 37, 4793 Bogø By;0
0037c5be-64fe-4391-aea4-682e92cb2b57;0a3f5086-6866-32b8-e044-0003ba298018;1314820;212;96;;96;0;1900;;9;;;POINT(693911.91 6109458.97);5;6;Lillemarksvej 2, 4720 Præstø;0
0039e3f8-88ee-40e7-81b2-97b90ef101b7;0a3f5085-a2db-32b8-e044-0003ba298018;2484902;120;155;306;;0;1870;2012;2;3;;POINT(703375.81 6089303.5);5;6;Vollerupgade 32A, Vollerup, 4792 Askeby;1
003b338e-11fa-4a37-90f2-2f42a2add1d1;0a3f5085-6014-32b8-e044-0003ba298018;544029;120;96;111;;0;1936;;2;3;2;POINT(701018.86 6099960.53);5;6;Kirkevejen 13, 4771 Kalvehave;1
003c8325-4707-4cfc-807e-5dd06f40452d;0a3f5085-5db7-32b8-e044-0003ba298018;542502;217;100;;100;0;1950;;9;;;POINT(695188.99 6104927.02);5;6;Gl Præstøvej 35, 4735 Mern;0
003f92e9-cdde-44a9-8c95-367639edc573;0a3f5087-3503-32b8-e044-0003ba298018;2112055;120;102;102;;0;1973;;1;;;POINT(685219.66 6102201.86);5;6;Kastrupvej 14A, 4760 Vordingborg;1
0041a8aa-b82a-4745-9445-7a4edf80dbec;0a3f5086-6238-32b8-e044-0003ba298018;1318719;120;77;77;;62;1940;2018;1;;;POINT(694126.72 6112419.82);5;6;Antonivej 5A, 4720 Præstø;1
0041d7ac-7d0c-40b2-86d1-a584ef20c041;0a3f5085-5fbe-32b8-e044-0003ba298018;541124;120;157;210;;0;1978;2015;7;1;1;POINT(693315.55 6098850.34);5;6;Kastanievej 46, 4773 Stensved;1
0043b3b5-f99b-4dfb-ab33-01367701d40b;0a3f5086-6a34-32b8-e044-0003ba298018;1314675;120;100;100;;0;1940;;2;3;90;POINT(693906.64 6107848.43);5;6;Mønvej 121, 4720 Præstø;1
0046a355-a21f-45b4-85b2-0687ec6ddbdc;0ea84e3c-5110-1cba-e044-0003ba298018;2667384;120;69;118;;0;2007;;1;;90;POINT(693746.75 6112401.12);5;6;Priesesstræde 4, 4720 Præstø;1
0047346f-4d63-4fb8-b697-b7b9308a5564;0a3f5087-2854-32b8-e044-0003ba298018;2112684;510;14;14;;;2002;;7;1;;POINT(680788.85 6105108.59);5;6;Bramgåsvej 10, 4760 Vordingborg;0
00482544-cb90-4468-810a-7585621e48d9;0a3f5085-8b0e-32b8-e044-0003ba298018;2476780;510;64;64;;0;1977;;7;1;;POINT(695784 6090562.63);5;6;Højdedraget 46, 4793 Bogø By;1
0048d8c1-57ed-473e-a7be-8b41b7672976;0a3f5087-3533-32b8-e044-0003ba298018;2117846;120;196;173;;0;1977;1988;1;;;POINT(687292.74 6099684.68);5;6;Keidamsvej 18, 4760 Vordingborg;1
004b2b8c-dbed-43e0-a1a1-315f76011c2a;0a3f5085-658a-32b8-e044-0003ba298018;541651;130;120;166;;18;1872;;2;3;2;POINT(693128.49 6096420.49);5;6;Stensbyvej 51A, Vestenbæk, 4773 Stensved;2
004baec4-3727-44e6-9c9c-f832850fdddf;0a3f5086-65d3-32b8-e044-0003ba298018;1315917;120;93;93;;0;1900;1975;5;1;2;POINT(687863.06 6110339.03);5;6;Hastrupvej 23, 4720 Præstø;1
004c3913-48ef-413b-b87b-0f91e3e0847f;0a3f5087-373f-32b8-e044-0003ba298018;2119412;120;143;143;;0;1964;1985;2;3;;POINT(689179.61 6098924.68);5;6;Kløften 30, 4760 Vordingborg;1
004cd0d0-7fe9-4990-ae7e-36bcafa1b5ff;0a3f5085-8afa-32b8-e044-0003ba298018;2476862;510;52;52;;0;1976;;7;1;;POINT(695701.39 6090538.37);5;6;Højdedraget 18, 4793 Bogø By;1
004f4d16-a8ab-4971-86b6-735ac6a69d7d;0a3f5087-4a7b-32b8-e044-0003ba298018;2114066;110;101;123;;0;1910;2001;7;1;;POINT(679334.45 6108371.8);5;6;Togårdsvej 7, 4750 Lundby;1
004fb8db-acce-417a-847c-968749c45583;0a3f5085-5bb1-32b8-e044-0003ba298018;539763;120;106;106;;7;1952;;2;3;2;POINT(698657.73 6102442.81);5;6;Bakkekammen 1, Balle, 4735 Mern;1
0051735c-36dc-451a-a97d-a24a9f5045e9;0a3f5087-4770-32b8-e044-0003ba298018;2118703;321;52;;52;0;1987;2003;2;3;2;POINT(685030.88 6100964.01);5;6;Stokkedrevet 11, 4760 Vordingborg;0
00523ed1-cc56-4dcd-a97e-3485654096c1;0a3f5087-4531-32b8-e044-0003ba298018;2110495;110;150;190;;0;1830;;5;1;2;POINT(689824.56 6106413.16);5;6;Skallerupvej 36, 4760 Vordingborg;1
0053f63b-65b7-43eb-bc8f-0db93dd9b687;0a3f5087-37e7-32b8-e044-0003ba298018;2115633;217;243;;243;0;1927;;9;;;POINT(680073.27 6106256.31);5;6;Koholtevej 46, 4760 Vordingborg;0
005547da-362f-4642-9f89-7c3140b0d168;0a3f5087-2494-32b8-e044-0003ba298018;2116076;120;112;113;45;0;1800;1924;1;;;POINT(685675.86 6099953.23);5;6;Algade 31, 4760 Vordingborg;1
00560f19-6f1a-4874-ab52-72d8a3a8408e;0a3f5085-6482-32b8-e044-0003ba298018;540918;120;146;146;;0;1968;;2;3;2;POINT(693615.94 6098933.77);5;6;Skyttemarksvej 32, 4773 Stensved;1
0056e4c8-e7ea-4449-85c4-f863f91be3ba;0a3f5087-2d3e-32b8-e044-0003ba298018;2114075;217;1154;;1154;0;2008;;9;;;POINT(678950.76 6107207.23);5;6;Fjordgårdsvej 2, 4750 Lundby;0
0059ef65-14f4-4f93-85ca-5b1b7b5dcedf;53279ace-c6a2-1b90-e044-0003ba298018;2113275;510;40;53;;0;1964;1989;7;1;2;POINT(678898.63 6112050.59);5;6;Kviemarken 20, 4750 Lundby;1
005b83be-5026-40d8-8f6d-bf23f9957b70;0a3f5087-37cc-32b8-e044-0003ba298018;2111522;120;95;101;;0;1900;;2;4;;POINT(690073.84 6101862.4);5;6;Kohavevej 34, 4760 Vordingborg;1
005f0523-c551-418f-8946-a03224f28408;0a3f5087-436b-32b8-e044-0003ba298018;2111850;120;144;144;;0;1975;;3;3;;POINT(684784.99 6102196.77);5;6;Rønnebærvej 16, 4760 Vordingborg;1
0061581e-f0bb-4d19-b814-2e29d8271dcb;0a3f5086-632e-32b8-e044-0003ba298018;1316571;217;150;;150;0;1915;;9;;90;POINT(701703.62 6108973.9);5;6;Bøged Strandvej 8, Bøged Strand, 4720 Præstø;0
00656df0-95ba-48fe-bda5-8925734a4456;0a3f5085-60ce-32b8-e044-0003ba298018;540744;120;89;132;;0;1827;;2;3;4;POINT(697366.81 6098018.57);5;6;Langebæk Gade 49, 4772 Langebæk;1
0067bfb7-0c80-4caf-9e83-46bcd840a7f8;0a3f5086-690b-32b8-e044-0003ba298018;1316815;510;89;89;;0;1969;1990;7;1;2;POINT(702002.23 6110587.93);5;6;Lupinvej 9B, Bønsvig Str, 4720 Præstø;1
006ad12d-d94c-4167-b4af-1ee8c8c2dcf6;0a3f5085-8d8a-32b8-e044-0003ba298018;2477527;120;112;112;;112;1959;;2;3;;POINT(720392.08 6099838.26);5;6;Klintevej 361, Borre, 4791 Borre;1
006b3604-a69e-4522-81c3-d60c8c541f95;0a3f5085-6698-32b8-e044-0003ba298018;542397;217;220;;220;0;1936;;9;;;POINT(696471.9 6106231.82);5;6;Trekanten 4, 4735 Mern;0
006ba025-3748-4f0d-8111-c05d81c9b883;0a3f5086-6b97-32b8-e044-0003ba298018;1316159;510;37;37;;0;1982;;7;1;;POINT(701827.2 6110735.36);5;6;Primulavej 10, Bønsvig Str, 4720 Præstø;1
006d8c20-2393-4ffd-a094-59e5e111af0a;0a3f5087-4c9e-32b8-e044-0003ba298018;2112930;110;114;206;;8;1924;2014;5;1;;POINT(686419.05 6102188.58);5;6;Vestermarken 9, 4760 Vordingborg;1
006fd2af-3a81-4337-85fa-d919908c13bf;0a3f5085-8993-32b8-e044-0003ba298018;2490445;585;24;24;;0;2015;;5;1;;POINT(710315.56 6103437.88);5;6;Hejrevej 13, Ulvshale, 4780 Stege;0
0083ba02-7eda-4903-a2c9-058732f61b90;0a3f5086-7088-32b8-e044-0003ba298018;1317809;140;65;119;;0;1953;1986;1;;;POINT(694607.48 6112395.81);5;6;Tværvej 5, 4720 Præstø;2
00845440-65d2-4bc7-8959-d12524357c79;0a3f5085-83c5-32b8-e044-0003ba298018;2481402;120;72;92;;0;1930;;2;3;;POINT(716749.45 6096812.18);5;6;Bundgarnet 10, Råbylille, 4780 Stege;1
00858185-032a-468d-9d14-6e5de6fa7ec2;0a3f5087-4dc4-32b8-e044-0003ba298018;2120767;120;116;207;;0;1880;2010;1;;;POINT(685299.07 6098523.71);5;6;Volmersgade 22, 4760 Vordingborg;1
00876f93-1627-4173-a21a-061c3f94f840;0a3f5087-32c4-32b8-e044-0003ba298018;2119347;120;159;159;;0;1972;;2;7;5;POINT(689268.32 6099273.14);5;6;Hjortevænget 5, 4760 Vordingborg;1
0087ea27-a910-45ea-94a4-dc8c33bf4824;0a3f5087-309f-32b8-e044-0003ba298018;2110986;120;92;92;;0;1969;1976;2;3;;POINT(689323.98 6103530.24);5;6;Gårdhaven 8, 4760 Vordingborg;1
008af4e5-2bf9-4238-8cf4-647a44785d57;0a3f5085-5ce4-32b8-e044-0003ba298018;540476;510;61;61;;0;1967;1991;7;1;;POINT(702622.67 6099635.31);5;6;Bøgevej 6, 4771 Kalvehave;1
008b3908-0aa5-4536-a9df-b893bae94a3b;0a3f5086-69d7-32b8-e044-0003ba298018;1318368;510;17;17;;0;1900;;9;;;POINT(693175.94 6111418.28);5;6;Mønvej 48A, Skibinge, 4720 Præstø;1
008b4eef-b215-4615-ba21-af44e22f75ec;0a3f5085-8458-32b8-e044-0003ba298018;2490215;110;92;92;;0;1880;;2;3;;POINT(709282.19 6094934.89);5;6;Bøgehøjvej 2, Bissinge, 4780 Stege;1
008ee348-ac97-47dd-a28e-ea1acd0bfaac;0a3f5087-40c3-32b8-e044-0003ba298018;2112935;160;252;379;;0;1875;;2;4;;POINT(686815.87 6102472.84);5;6;Ornebjergvej 60, 4760 Vordingborg;1
008f1657-9eef-423a-83a3-90d039a79f93;19910d90-00c3-41c9-e044-0003ba298018;2663151;130;126;108;;0;2008;;2;3;;POINT(700453.67 6099204.5);5;6;Solstien 14, Gl Kalvehave, 4771 Kalvehave;1
0092b01f-b225-443a-9f3f-2e7c13d28eda;0a3f5085-8fc4-32b8-e044-0003ba298018;2493731;510;44;44;;0;1943;1972;7;1;;POINT(711605.16 6102918.15);5;6;Kristtjørnvej 7, Ulvshale, 4780 Stege;1
00945055-8546-4bdb-973a-0908941fbcb6;0a3f5087-3dde-32b8-e044-0003ba298018;2116540;120;96;150;;0;1880;2005;5;1;2;POINT(689270.82 6099496.02);5;6;Nyraad Hovedgade 22, 4760 Vordingborg;1
0094f96a-9fdb-4a2d-8e06-d89a0163ae52;0a3f5085-6513-32b8-e044-0003ba298018;543752;120;151;144;;0;1980;;7;1;;POINT(700389.55 6099075.29);5;6;Solvænget 24, Gl Kalvehave, 4771 Kalvehave;1
0096128d-a6a5-411b-9f94-8acd3706002f;0a3f5085-9329-32b8-e044-0003ba298018;2481769;510;66;66;;0;2011;;7;1;2;POINT(716949.04 6096735.79);5;6;Mægleren 17, Råbylille, 4780 Stege;1
0096d58d-a5a4-4566-8b92-dc0a6199d9e7;0a3f5086-7019-32b8-e044-0003ba298018;1315000;210;108;;108;0;1900;;9;;;POINT(696513.56 6108721.99);5;6;Tjørnehoved By 1, Tjørnehoved, 4720 Præstø;0
009b1e6c-8239-44d5-830b-8ce2f110212f;0a3f5086-6e3e-32b8-e044-0003ba298018;1493179;210;150;;150;0;1937;;9;;;POINT(697645.54 6110292.87);5;6;Smidstrupvej 33, Jungshoved, 4720 Præstø;0
009c63a9-e3d8-4243-b33e-89c9b816d904;0a3f5085-93ea-32b8-e044-0003ba298018;2482342;210;24;;24;0;1945;;9;;;POINT(716819.84 6101473);5;6;Nordfeldvej 32, Torpe, 4780 Stege;0
009ce4e8-4289-4948-9cfc-a5e9163f1d81;0a3f5087-3a08-32b8-e044-0003ba298018;2116781;120;96;96;;0;2019;;5;1;2;POINT(690476.45 6098434.43);5;6;Lergravvej 4, 4760 Vordingborg;0
00a37208-c98d-4992-8f73-b3a1c58e03cb;0a3f5086-67f6-32b8-e044-0003ba298018;1316324;510;44;44;;0;1960;;3;4;;POINT(700175.49 6113653.9);5;6;Klintestien 14, Roneklint St, 4720 Præstø;1
00a378fc-af8e-4723-a2ef-46a7c535bb9e;0a3f5085-983b-32b8-e044-0003ba298018;2582456;120;65;77;;0;1910;;7;1;2;POINT(716486 6098600.02);5;6;Råbylille Strandvej 16, Råbylille, 4780 Stege;1
00a391a6-64e0-442e-9dd5-bf7dd83d1db7;0a3f5086-65ce-32b8-e044-0003ba298018;1315879;120;90;150;;0;1827;;2;4;;POINT(689064.41 6110506.23);5;6;Hastrupvej 18, 4720 Præstø;1
00a46ed3-eb5e-4306-a6f9-e01d50f3c6b6;cd8b314c-dd7f-4e70-845a-82e1153d4bd8;2488847;333;564;;735;0;1857;2006;1;;90;POINT(710191.9 6097824.61);5;6;Søndersti 3A, 4780 Stege;8
00aa69f0-309e-45a2-bc9b-585d3f24e48a;0a3f5085-a228-32b8-e044-0003ba298018;2492509;120;64;110;;0;1910;;7;1;80;POINT(709481.1 6097341.33);5;6;Vestervej 1, Lendemarke, 4780 Stege;1
00aab8aa-2a97-4e87-9b45-30970c9223ab;0a3f5087-3484-32b8-e044-0003ba298018;2110874;120;85;109;;0;1887;1968;2;7;;POINT(688349.87 6102769.56);5;6;Kallevadvej 12, 4760 Vordingborg;1
00ae9874-caaa-4bdc-b66e-9f5416158b78;0a3f5087-4265-32b8-e044-0003ba298018;2117776;441;551;;551;79;1980;;1;;;POINT(686179.39 6100255.3);5;6;Prins Jørgens Alle 75, 4760 Vordingborg;1
00aeee25-40c2-49ba-b366-529e2e1d53d3;0a3f5087-402d-32b8-e044-0003ba298018;2120559;120;96;96;;0;1958;;1;;;POINT(684236.78 6099188.82);5;6;Orevej 86, 4760 Vordingborg;1
00b3066b-9872-4909-babd-f5f90ea5d13c;0a3f5087-4eaf-32b8-e044-0003ba298018;2111602;130;227;184;;0;1890;1986;7;1;;POINT(689730.52 6103648.64);5;6;Ørslevvej 125, 4760 Vordingborg;2
00b37482-12ef-4a6c-9be5-9e1fa857a432;0a3f5085-a402-32b8-e044-0003ba298018;2492703;120;64;110;;0;1940;;3;4;3;POINT(709726.52 6097105.27);5;6;Østervej 6, Lendemarke, 4780 Stege;1
00b495dd-6768-40fd-811a-b4ef13edd595;0a3f5085-8b77-32b8-e044-0003ba298018;2482810;210;158;84;129;0;1876;;7;1;90;POINT(703312.41 6087879.4);5;6;Hårbøllevej 62, Hårbølle, 4792 Askeby;0
00b571e4-c049-4a4b-ab46-0b64c833f67b;0a3f5085-681e-32b8-e044-0003ba298018;540803;313;99;;99;0;1959;;9;;;POINT(694264.82 6098563);5;6;Vordingborgvej 93, 4773 Stensved;1
00b5a3fd-c5a1-49dd-b3fd-8be19c8bbc1a;0a3f5085-8563-32b8-e044-0003ba298018;2480437;323;35;;35;0;1950;1965;9;;;POINT(717601.53 6099685.2);5;6;Elmelundevej 6, Elmelunde, 4780 Stege;0
00b9fa74-4ef0-400a-999c-5d6fa89ab57b;0a3f5085-5bb7-32b8-e044-0003ba298018;539746;120;53;72;;0;1900;;2;3;2;POINT(698810.51 6102442.89);5;6;Bakkekammen 6, Balle, 4735 Mern;1
00b9fdf2-48d9-4966-b4b5-7941edc76872;0a3f5087-398e-32b8-e044-0003ba298018;2113943;210;139;;139;0;1959;;9;;;POINT(680539.5 6110620.21);5;6;Køng Kirkevej 6, 4750 Lundby;0
00ba2eb4-b979-4035-94fb-4f8acd83f30f;0a3f5087-43de-32b8-e044-0003ba298018;2117766;140;244;244;;0;1981;;1;;;POINT(686284.6 6100206.32);5;6;Rørosvej 71, 4760 Vordingborg;4
00bab93e-234c-4949-b386-3f8ab898ac14;0a3f5087-3035-32b8-e044-0003ba298018;2110679;211;316;;316;0;1930;1962;9;;;POINT(689093.71 6100101.97);5;6;Græsbjergvej 23, 4760 Vordingborg;0
00bc7574-9ab1-4e1a-85a1-0a6f170672be;0a3f5085-82f3-32b8-e044-0003ba298018;2476694;412;240;;250;0;1852;;9;;;POINT(695471.14 6090035.4);5;6;Bogø Hovedgade 36, 4793 Bogø By;1
00bd3209-c0e1-4dc9-9cb6-cc5b801ed35d;0a3f5085-9e27-32b8-e044-0003ba298018;2486753;120;89;129;;0;1925;;2;3;90;POINT(722696.95 6096888.44);5;6;Søndre Landevej 124, Busemarke, 4791 Borre;1
00c2626e-c782-4380-b3ff-88c3755a0965;0a3f5085-8bd6-32b8-e044-0003ba298018;2477994;120;189;269;;0;1840;1998;7;1;2;POINT(709183.86 6092854.55);5;6;Jættestuevej 2, Hjelm, 4780 Stege;1
00c2d93d-57a0-4d11-8797-033d1051dcff;0a3f5087-4460-32b8-e044-0003ba298018;2114236;510;66;66;;0;1969;;7;1;;POINT(673591.48 6111281.57);5;6;Sandvigbakken 1, 4750 Lundby;1
00c51d90-55cb-4c94-b916-2a82c954cfac;0a3f5085-86d3-32b8-e044-0003ba298018;2483167;217;434;;434;0;1980;;9;;;POINT(705649.97 6089017.68);5;6;Fanefjord Skovvej 3, Houmarken, 4792 Askeby;0
00c96627-bab0-48c8-a7fe-f708349c600d;0a3f5086-6e01-32b8-e044-0003ba298018;1316059;510;92;89;;0;2006;;7;1;2;POINT(702177.32 6110695.46);5;6;Slåenvej 3, Bønsvig Str, 4720 Præstø;1
00ca9f01-026f-44b7-a15f-a7b9a947f827;0a3f5087-45f4-32b8-e044-0003ba298018;2116390;314;125;;125;0;1960;;9;;;POINT(686322.02 6099568.71);5;6;Slotsgade 19, 4760 Vordingborg;0
00cacf3b-1be9-4e26-b9f4-23921ff40b82;0a3f5085-a26f-32b8-e044-0003ba298018;2483187;210;50;;50;0;2006;;9;;;POINT(705226.86 6088434.38);5;6;Vindebæk Kobbelvej 8, Vindebæk Kbl, 4792 Askeby;0
00cd29fa-63c7-46cd-8e32-d7c73cd83c74;0a3f5086-6eff-32b8-e044-0003ba298018;1316637;120;126;153;;0;1906;1983;7;1;;POINT(700884.93 6108665.2);5;6;Stavreby Strandvej 50, 4720 Præstø;1
00d00063-96ce-4f26-84b6-0e4bfb92ed9a;0a3f5087-40f1-32b8-e044-0003ba298018;2574655;120;48;48;;0;1880;;5;1;2;POINT(685445.16 6106930);5;6;Over Vindingevej 56, 4760 Vordingborg;1
00d2195d-40d3-4b1b-b7ec-c77b9b9553cc;0a3f5087-3d87-32b8-e044-0003ba298018;2116399;333;249;;368;115;1945;1983;7;1;;POINT(686523.38 6099171.94);5;6;Nordhavnsvej 32, 4760 Vordingborg;1
00d3422a-6f81-4275-b2dc-c84a5b781951;0a3f5086-63a2-32b8-e044-0003ba298018;1317744;120;114;202;;0;1971;;2;7;;POINT(694848.8 6112032.81);5;6;Christinelundsvej 7, 4720 Præstø;1
00d3dc0c-e9f9-461f-bc06-2ee4c419c77c;0a3f5085-9e72-32b8-e044-0003ba298018;2489892;210;234;;234;0;1915;;9;;90;POINT(710164.53 6102711.02);5;6;Teglværksvej 4, Hegnede, 4780 Stege;0
00d576bf-23a8-4b4c-96e6-4daed3b70a84;0a3f5086-6446-32b8-e044-0003ba298018;1317488;313;230;;230;0;1939;;9;;;POINT(693435.16 6110670.19);5;6;Egestræde 4, Skibinge, 4720 Præstø;0
00d8b3eb-6622-4358-9411-0e6105fba0c3;0a3f5085-98f9-32b8-e044-0003ba298018;2494126;585;16;16;;0;1980;2001;7;1;;POINT(709098.6 6105016.79);5;6;Sandvejen 38, Ulvshale, 4780 Stege;0
00da2091-b571-4fca-886b-a4617ebd0bff;0a3f5086-6727-32b8-e044-0003ba298018;1317100;120;120;165;;0;1777;1999;2;4;90;POINT(699640.74 6110680.34);5;6;Jungshovedvej 39A, 4720 Præstø;1
00dc2ca3-7b82-4f09-95b8-951d5eae1c3a;0a3f5085-9e4c-32b8-e044-0003ba298018;2488959;120;159;159;;0;1971;;1;;5;POINT(709638.87 6099082.21);5;6;Søvænget 7, 4780 Stege;1
00e1b839-6afa-4a53-805d-d261a2efd69e;0a3f5087-48b7-32b8-e044-0003ba298018;2114976;210;78;;78;0;1877;;9;;;POINT(685887.77 6111249.26);5;6;Svendsbjergvej 9, 4750 Lundby;0
00e2eb1c-8028-4379-9ed1-e05f8ed8aa7a;0a3f5085-92bc-32b8-e044-0003ba298018;2490139;120;68;111;;0;1825;1971;7;1;;POINT(710048.22 6095535.28);5;6;Mathildevej 5, Bissinge, 4780 Stege;1
00e7aeac-4b10-4813-87a8-84e10b016884;0a3f5085-9785-32b8-e044-0003ba298018;2480031;210;276;;276;0;1938;1961;9;;90;POINT(704031.99 6094008.47);5;6;Røddingevej 4, St Lind, 4780 Stege;0
00e82012-2ff9-4400-b6ff-6b08675c3e95;0a3f5085-9ed5-32b8-e044-0003ba298018;2492276;120;128;128;;0;1968;;1;;90;POINT(709112.18 6097173.68);5;6;Terpsvej 7, Lendemarke, 4780 Stege;1
00e95b12-1fbd-42c7-a4ac-c08ab90da23e;0a3f5086-6317-32b8-e044-0003ba298018;1317827;210;1200;;1900;0;1960;;2;3;;POINT(694568.9 6110716.79);5;6;Bæk 4, 4720 Præstø;0
00eceb16-d97c-4c5b-ad14-73e564e6de1a;0a3f5087-2c25-32b8-e044-0003ba298018;2114840;217;250;;250;0;1985;;9;;;POINT(683811.36 6110007.85);5;6;Espelund 5, 4750 Lundby;0
00edc5a7-a65c-4871-82ed-3c673b877a90;0a3f5085-8aa6-32b8-e044-0003ba298018;2485680;120;123;139;;0;1950;;2;3;;POINT(715709.32 6096475.84);5;6;Hovgårdsvej 5, Pollerup, 4780 Stege;1
00f04aaf-9cc4-42a5-861a-70610e392d51;3cae7253-0c9b-0f90-e044-0003ba298018;2114686;130;218;208;;0;2012;;2;7;90;POINT(682689.97 6110533.26);5;6;Lundby Hovedgade 18A, 4750 Lundby;2
00f40de5-87ae-45e3-8564-4859a704cc69;0a3f5087-476e-32b8-e044-0003ba298018;2118701;223;144;;144;0;1999;;2;3;;POINT(685020.92 6100926.57);5;6;Stokkedrevet 9, 4760 Vordingborg;1
00f55ba6-12b5-4cc9-a943-4f1f403aa0eb;0a3f5085-9185-32b8-e044-0003ba298018;2480455;410;366;;466;0;1085;1700;7;1;;POINT(717525.34 6099532.86);5;6;Leonora Christines V 1, Elmelunde, 4780 Stege;0
00f55ff6-4079-4042-90fa-5b0350ca7dc4;0a3f5087-2a49-32b8-e044-0003ba298018;2115215;120;91;109;;0;1914;1985;3;4;;POINT(683604.25 6106455.25);5;6;Dalkærvej 33, 4760 Vordingborg;1
00f5ed73-ff8e-4b27-b7af-9e320de40089;0a3f5085-6412-32b8-e044-0003ba298018;541199;223;97;;97;0;1973;1984;2;3;;POINT(693850.28 6098916.52);5;6;Skovhusevej 13A, 4773 Stensved;0
00fa8261-25dc-4334-b0c3-9befeb63fd30;434b5797-c60c-6fdf-e044-0003ba298018;2698527;120;128;104;;0;1900;1968;7;1;;POINT(717495.36 6097043.39);5;6;Råby Søvej 8, Råbylille, 4780 Stege;1
00fee2e0-9d98-45d5-a91f-09cb4ab0ad99;0a3f5087-4e4e-32b8-e044-0003ba298018;2116896;120;122;184;;0;1898;1985;7;1;2;POINT(691574.44 6095995.79);5;6;Ørnehøjgårdsvej 4, 4760 Vordingborg;1
00ff1aa6-70f6-439c-a0e1-2d327c762ade;0a3f5087-2bf9-32b8-e044-0003ba298018;2120195;510;54;54;;0;1980;;7;1;;POINT(683676.04 6099315.27);5;6;Enebærvej 7, 4760 Vordingborg;1
01002042-70a5-48fa-a2bb-05707ead7874;0a3f5086-6c4d-32b8-e044-0003ba298018;1317609;110;160;267;;15;1875;2013;2;4;;POINT(692972.68 6110458.48);5;6;Ronesbanke 12B, Skibinge, 4720 Præstø;1
01020240-c85f-46c7-9f02-d69bf92a4a9b;0a3f5085-8ee5-32b8-e044-0003ba298018;2486136;120;57;73;;0;1925;;3;4;;POINT(712814 6101514);5;6;Klostervej 35, Spejlsby, 4780 Stege;1
01028efd-a0f6-479a-bedc-12289a1dbf8b;0a3f5086-68bb-32b8-e044-0003ba298018;1315172;222;356;;356;0;1972;1976;2;7;;POINT(688119.95 6112662.43);5;6;Lundbyvej 4, Bårse, 4720 Præstø;1
0104ac12-73f0-4cb5-8e94-ed2a61221748;0a3f5085-6434-32b8-e044-0003ba298018;542575;219;60;;60;0;1900;;9;;;POINT(698275.56 6102949.64);5;6;Skovlinien 5, 4735 Mern;0
0104df8b-ff3e-41b0-89c0-b26b40e2f2f1;0a3f5087-491a-32b8-e044-0003ba298018;2113357;232;41;;41;0;1970;;7;1;;POINT(677666.54 6111610.37);5;6;Svinøvej 75, 4750 Lundby;1
01056c8b-41f8-4f98-8f62-9a19f5d66dbb;0a3f5087-32c6-32b8-e044-0003ba298018;2119365;120;148;148;;0;1973;;2;7;;POINT(689242.93 6099276.9);5;6;Hjortevænget 7, 4760 Vordingborg;1
01083613-c488-4dbb-a09e-a91e23718030;0a3f5085-6882-32b8-e044-0003ba298018;542842;120;100;100;;0;1970;;2;7;;POINT(695113.44 6104462.41);5;6;Æblevej 10, 4735 Mern;1
010add0c-214f-4a6d-bd61-6fd45d19dc4c;0a3f5086-7050-32b8-e044-0003ba298018;1318484;140;219;384;;0;1907;2007;2;3;;POINT(694154.09 6112778.43);5;6;Torvet 18, 4720 Præstø;5
0112a3c1-82c7-4c29-b61f-77d65049dbf8;0a3f5085-89e2-32b8-e044-0003ba298018;2478028;120;150;172;;0;1862;;5;1;2;POINT(708583.08 6090996.81);5;6;Hjelmgårdsvej 2, Hjelm, 4780 Stege;1
0113a0a9-5b95-4a03-8c26-1bca1bf58fe1;0a3f5085-6804-32b8-e044-0003ba298018;540799;110;101;161;;0;1948;;5;1;;POINT(694401.02 6098533.02);5;6;Vordingborgvej 52, 4773 Stensved;1
01166986-b524-40bd-a541-085861533e0b;0a3f5087-46e2-32b8-e044-0003ba298018;2110470;210;1005;;1005;0;1998;;9;;;POINT(686321.62 6110184.9);5;6;Spangsvej 45, Grumløse, 4750 Lundby;0
011abdba-5c11-4927-8e3f-bb15b0aee2de;0a3f5085-609e-32b8-e044-0003ba298018;540689;120;86;97;;0;1946;;2;3;;POINT(697705.61 6098841.62);5;6;Langebæk Gade 2, 4772 Langebæk;1
